call_id,agent_id,agent_name,performance_tier,sale_made,order_value,satisfaction,knowledge_score,niceness_score,technique_score,product_references,uncertainty_count,proactive_suggestions,positive_signals,negative_signals,uses_customer_name,needs_discovery,upselling,objection_handling,closing,value_framing,rapport_building
C0001,A001,Matthew Rodriguez,medium,True,428.95,3,100,100,12.5,4,0,0,3,0,False,25.0,0.0,0.0,50.0,0.0,0.0
C0002,A001,Matthew Rodriguez,medium,False,0.0,3,100,100,12.5,4,0,0,3,0,False,25.0,0.0,0.0,50.0,0.0,0.0
C0003,A001,Matthew Rodriguez,medium,False,0.0,3,100,100,12.5,4,0,0,3,0,False,25.0,0.0,0.0,50.0,0.0,0.0
C0004,A001,Matthew Rodriguez,medium,False,0.0,4,100,100,12.5,4,0,0,3,0,False,25.0,0.0,0.0,50.0,0.0,0.0
C0005,A001,Matthew Rodriguez,medium,True,425.69,4,100,100,12.5,4,0,0,3,0,False,25.0,0.0,0.0,50.0,0.0,0.0
C0006,A001,Matthew Rodriguez,medium,False,0.0,3,100,100,12.5,4,0,0,3,0,False,25.0,0.0,0.0,50.0,0.0,0.0
C0007,A001,Matthew Rodriguez,medium,False,0.0,4,100,100,12.5,4,0,0,3,0,False,25.0,0.0,0.0,50.0,0.0,0.0
C0008,A001,Matthew Rodriguez,medium,True,364.99,3,100,100,12.5,4,0,0,3,0,False,25.0,0.0,0.0,50.0,0.0,0.0
C0009,A001,Matthew Rodriguez,medium,False,0.0,4,100,100,12.5,4,0,0,3,0,False,25.0,0.0,0.0,50.0,0.0,0.0
C0010,A001,Matthew Rodriguez,medium,True,341.65,3,100,100,12.5,4,0,0,3,0,False,25.0,0.0,0.0,50.0,0.0,0.0
C0011,A001,Matthew Rodriguez,medium,True,301.24,4,100,100,12.5,4,0,0,3,0,False,25.0,0.0,0.0,50.0,0.0,0.0
C0012,A001,Matthew Rodriguez,medium,False,0.0,3,100,100,12.5,4,0,0,3,0,False,25.0,0.0,0.0,50.0,0.0,0.0
C0013,A001,Matthew Rodriguez,medium,False,0.0,3,100,100,12.5,4,0,0,3,0,False,25.0,0.0,0.0,50.0,0.0,0.0
C0014,A001,Matthew Rodriguez,medium,True,295.78,4,100,100,12.5,4,0,0,3,0,False,25.0,0.0,0.0,50.0,0.0,0.0
C0015,A001,Matthew Rodriguez,medium,True,347.67,3,100,100,12.5,4,0,0,3,0,False,25.0,0.0,0.0,50.0,0.0,0.0
C0016,A001,Matthew Rodriguez,medium,True,276.43,3,100,100,12.5,4,0,0,3,0,False,25.0,0.0,0.0,50.0,0.0,0.0
C0017,A001,Matthew Rodriguez,medium,False,0.0,3,100,100,12.5,4,0,0,3,0,False,25.0,0.0,0.0,50.0,0.0,0.0
C0018,A001,Matthew Rodriguez,medium,True,288.69,4,100,100,12.5,4,0,0,3,0,False,25.0,0.0,0.0,50.0,0.0,0.0
C0019,A001,Matthew Rodriguez,medium,True,317.06,3,100,100,12.5,4,0,0,3,0,False,25.0,0.0,0.0,50.0,0.0,0.0
C0020,A001,Matthew Rodriguez,medium,False,0.0,3,100,100,12.5,4,0,0,3,0,False,25.0,0.0,0.0,50.0,0.0,0.0
C0021,A002,Mark Wilson,medium,False,0.0,3,100,100,12.5,4,0,0,3,0,False,25.0,0.0,0.0,50.0,0.0,0.0
C0022,A002,Mark Wilson,medium,False,0.0,3,100,100,12.5,4,0,0,3,0,False,25.0,0.0,0.0,50.0,0.0,0.0
C0023,A002,Mark Wilson,medium,False,0.0,3,100,100,12.5,4,0,0,3,0,False,25.0,0.0,0.0,50.0,0.0,0.0
C0024,A002,Mark Wilson,medium,False,0.0,4,100,100,12.5,4,0,0,3,0,False,25.0,0.0,0.0,50.0,0.0,0.0
C0025,A002,Mark Wilson,medium,False,0.0,4,100,100,12.5,4,0,0,3,0,False,25.0,0.0,0.0,50.0,0.0,0.0
C0026,A002,Mark Wilson,medium,True,408.89,4,100,100,12.5,4,0,0,3,0,False,25.0,0.0,0.0,50.0,0.0,0.0
C0027,A002,Mark Wilson,medium,True,393.8,3,100,100,12.5,4,0,0,3,0,False,25.0,0.0,0.0,50.0,0.0,0.0
C0028,A002,Mark Wilson,medium,True,424.2,4,100,100,12.5,4,0,0,3,0,False,25.0,0.0,0.0,50.0,0.0,0.0
C0029,A002,Mark Wilson,medium,True,412.54,3,100,100,12.5,4,0,0,3,0,False,25.0,0.0,0.0,50.0,0.0,0.0
C0030,A002,Mark Wilson,medium,False,0.0,4,100,100,12.5,4,0,0,3,0,False,25.0,0.0,0.0,50.0,0.0,0.0
C0031,A002,Mark Wilson,medium,False,0.0,4,100,100,12.5,4,0,0,3,0,False,25.0,0.0,0.0,50.0,0.0,0.0
C0032,A002,Mark Wilson,medium,False,0.0,3,100,100,12.5,4,0,0,3,0,False,25.0,0.0,0.0,50.0,0.0,0.0
C0033,A002,Mark Wilson,medium,True,411.18,3,100,100,12.5,4,0,0,3,0,False,25.0,0.0,0.0,50.0,0.0,0.0
C0034,A002,Mark Wilson,medium,True,404.0,4,100,100,12.5,4,0,0,3,0,False,25.0,0.0,0.0,50.0,0.0,0.0
C0035,A002,Mark Wilson,medium,True,386.85,3,100,100,12.5,4,0,0,3,0,False,25.0,0.0,0.0,50.0,0.0,0.0
C0036,A002,Mark Wilson,medium,True,388.13,3,100,100,12.5,4,0,0,3,0,False,25.0,0.0,0.0,50.0,0.0,0.0
C0037,A002,Mark Wilson,medium,False,0.0,4,100,100,12.5,4,0,0,3,0,False,25.0,0.0,0.0,50.0,0.0,0.0
C0038,A002,Mark Wilson,medium,True,369.62,4,100,100,12.5,4,0,0,3,0,False,25.0,0.0,0.0,50.0,0.0,0.0
C0039,A002,Mark Wilson,medium,False,0.0,4,100,100,12.5,4,0,0,3,0,False,25.0,0.0,0.0,50.0,0.0,0.0
C0040,A002,Mark Wilson,medium,False,0.0,3,100,100,12.5,4,0,0,3,0,False,25.0,0.0,0.0,50.0,0.0,0.0
C0041,A003,Michael Miller,medium,False,0.0,4,100,100,12.5,4,0,0,3,0,False,25.0,0.0,0.0,50.0,0.0,0.0
C0042,A003,Michael Miller,medium,False,0.0,3,100,100,12.5,4,0,0,3,0,False,25.0,0.0,0.0,50.0,0.0,0.0
C0043,A003,Michael Miller,medium,True,295.83,3,100,100,12.5,4,0,0,3,0,False,25.0,0.0,0.0,50.0,0.0,0.0
C0044,A003,Michael Miller,medium,True,312.68,4,100,100,12.5,4,0,0,3,0,False,25.0,0.0,0.0,50.0,0.0,0.0
C0045,A003,Michael Miller,medium,False,0.0,3,100,100,12.5,4,0,0,3,0,False,25.0,0.0,0.0,50.0,0.0,0.0
C0046,A003,Michael Miller,medium,False,0.0,4,100,100,12.5,4,0,0,3,0,False,25.0,0.0,0.0,50.0,0.0,0.0
C0047,A003,Michael Miller,medium,False,0.0,4,100,100,12.5,4,0,0,3,0,False,25.0,0.0,0.0,50.0,0.0,0.0
C0048,A003,Michael Miller,medium,False,0.0,3,100,100,12.5,4,0,0,3,0,False,25.0,0.0,0.0,50.0,0.0,0.0
C0049,A003,Michael Miller,medium,False,0.0,4,100,100,12.5,4,0,0,3,0,False,25.0,0.0,0.0,50.0,0.0,0.0
C0050,A003,Michael Miller,medium,True,306.63,3,100,100,12.5,4,0,0,3,0,False,25.0,0.0,0.0,50.0,0.0,0.0
C0051,A003,Michael Miller,medium,True,404.09,4,100,100,12.5,4,0,0,3,0,False,25.0,0.0,0.0,50.0,0.0,0.0
C0052,A003,Michael Miller,medium,True,302.9,3,100,100,12.5,4,0,0,3,0,False,25.0,0.0,0.0,50.0,0.0,0.0
C0053,A003,Michael Miller,medium,True,409.82,4,100,100,12.5,4,0,0,3,0,False,25.0,0.0,0.0,50.0,0.0,0.0
C0054,A003,Michael Miller,medium,True,427.93,4,100,100,12.5,4,0,0,3,0,False,25.0,0.0,0.0,50.0,0.0,0.0
C0055,A003,Michael Miller,medium,True,338.81,4,100,100,12.5,4,0,0,3,0,False,25.0,0.0,0.0,50.0,0.0,0.0
C0056,A003,Michael Miller,medium,False,0.0,3,100,100,12.5,4,0,0,3,0,False,25.0,0.0,0.0,50.0,0.0,0.0
C0057,A003,Michael Miller,medium,False,0.0,4,100,100,12.5,4,0,0,3,0,False,25.0,0.0,0.0,50.0,0.0,0.0
C0058,A003,Michael Miller,medium,True,325.44,3,100,100,12.5,4,0,0,3,0,False,25.0,0.0,0.0,50.0,0.0,0.0
C0059,A003,Michael Miller,medium,True,360.49,4,100,100,12.5,4,0,0,3,0,False,25.0,0.0,0.0,50.0,0.0,0.0
C0060,A003,Michael Miller,medium,False,0.0,4,100,100,12.5,4,0,0,3,0,False,25.0,0.0,0.0,50.0,0.0,0.0
C0061,A004,David Gonzalez,low,False,0.0,2,100,100,18.3,4,6,0,1,4,False,25.0,40.0,20.0,0.0,0.0,25.0
C0062,A004,David Gonzalez,low,False,0.0,3,100,100,18.3,4,6,0,1,4,False,25.0,40.0,20.0,0.0,0.0,25.0
C0063,A004,David Gonzalez,low,False,0.0,3,100,100,18.3,4,6,0,1,4,False,25.0,40.0,20.0,0.0,0.0,25.0
C0064,A004,David Gonzalez,low,False,0.0,2,100,100,18.3,4,6,0,1,4,False,25.0,40.0,20.0,0.0,0.0,25.0
C0065,A004,David Gonzalez,low,False,0.0,3,100,100,18.3,4,6,0,1,4,False,25.0,40.0,20.0,0.0,0.0,25.0
C0066,A004,David Gonzalez,low,False,0.0,2,100,0.0,11.7,2,2,0,0,6,False,50.0,20.0,0.0,0.0,0.0,0.0
C0067,A004,David Gonzalez,low,False,0.0,2,100,0.0,11.7,2,2,0,0,6,False,50.0,20.0,0.0,0.0,0.0,0.0
C0068,A004,David Gonzalez,low,True,310.64,3,100,0.0,11.7,2,2,0,0,6,False,50.0,20.0,0.0,0.0,0.0,0.0
C0069,A004,David Gonzalez,low,False,0.0,1,100,100,18.3,4,6,0,1,4,False,25.0,40.0,20.0,0.0,0.0,25.0
C0070,A004,David Gonzalez,low,False,0.0,1,100,100,18.3,4,6,0,1,4,False,25.0,40.0,20.0,0.0,0.0,25.0
C0071,A004,David Gonzalez,low,False,0.0,2,100,100,18.3,4,6,0,1,4,False,25.0,40.0,20.0,0.0,0.0,25.0
C0072,A004,David Gonzalez,low,False,0.0,2,100,0.0,11.7,2,2,0,0,6,False,50.0,20.0,0.0,0.0,0.0,0.0
C0073,A004,David Gonzalez,low,False,0.0,1,100,0.0,11.7,2,2,0,0,6,False,50.0,20.0,0.0,0.0,0.0,0.0
C0074,A004,David Gonzalez,low,False,0.0,2,100,0.0,11.7,2,2,0,0,6,False,50.0,20.0,0.0,0.0,0.0,0.0
C0075,A004,David Gonzalez,low,False,0.0,3,100,100,18.3,4,6,0,1,4,False,25.0,40.0,20.0,0.0,0.0,25.0
C0076,A004,David Gonzalez,low,False,0.0,3,100,100,18.3,4,6,0,1,4,False,25.0,40.0,20.0,0.0,0.0,25.0
C0077,A004,David Gonzalez,low,False,0.0,2,100,0.0,11.7,2,2,0,0,6,False,50.0,20.0,0.0,0.0,0.0,0.0
C0078,A004,David Gonzalez,low,False,0.0,1,100,0.0,11.7,2,2,0,0,6,False,50.0,20.0,0.0,0.0,0.0,0.0
C0079,A004,David Gonzalez,low,False,0.0,2,100,100,18.3,4,6,0,1,4,False,25.0,40.0,20.0,0.0,0.0,25.0
C0080,A004,David Gonzalez,low,True,236.74,3,100,0.0,11.7,2,2,0,0,6,False,50.0,20.0,0.0,0.0,0.0,0.0
C0081,A005,Dorothy Lopez,medium,False,0.0,4,100,100,12.5,4,0,0,3,0,False,25.0,0.0,0.0,50.0,0.0,0.0
C0082,A005,Dorothy Lopez,medium,False,0.0,4,100,100,12.5,4,0,0,3,0,False,25.0,0.0,0.0,50.0,0.0,0.0
C0083,A005,Dorothy Lopez,medium,True,330.75,4,100,100,12.5,4,0,0,3,0,False,25.0,0.0,0.0,50.0,0.0,0.0
C0084,A005,Dorothy Lopez,medium,False,0.0,4,100,100,12.5,4,0,0,3,0,False,25.0,0.0,0.0,50.0,0.0,0.0
C0085,A005,Dorothy Lopez,medium,False,0.0,3,100,100,12.5,4,0,0,3,0,False,25.0,0.0,0.0,50.0,0.0,0.0
C0086,A005,Dorothy Lopez,medium,True,309.94,3,100,100,12.5,4,0,0,3,0,False,25.0,0.0,0.0,50.0,0.0,0.0
C0087,A005,Dorothy Lopez,medium,False,0.0,4,100,100,12.5,4,0,0,3,0,False,25.0,0.0,0.0,50.0,0.0,0.0
C0088,A005,Dorothy Lopez,medium,False,0.0,4,100,100,12.5,4,0,0,3,0,False,25.0,0.0,0.0,50.0,0.0,0.0
C0089,A005,Dorothy Lopez,medium,False,0.0,4,100,100,12.5,4,0,0,3,0,False,25.0,0.0,0.0,50.0,0.0,0.0
C0090,A005,Dorothy Lopez,medium,True,338.21,4,100,100,12.5,4,0,0,3,0,False,25.0,0.0,0.0,50.0,0.0,0.0
C0091,A005,Dorothy Lopez,medium,False,0.0,4,100,100,12.5,4,0,0,3,0,False,25.0,0.0,0.0,50.0,0.0,0.0
C0092,A005,Dorothy Lopez,medium,False,0.0,4,100,100,12.5,4,0,0,3,0,False,25.0,0.0,0.0,50.0,0.0,0.0
C0093,A005,Dorothy Lopez,medium,False,0.0,4,100,100,12.5,4,0,0,3,0,False,25.0,0.0,0.0,50.0,0.0,0.0
C0094,A005,Dorothy Lopez,medium,False,0.0,3,100,100,12.5,4,0,0,3,0,False,25.0,0.0,0.0,50.0,0.0,0.0
C0095,A005,Dorothy Lopez,medium,True,386.78,3,100,100,12.5,4,0,0,3,0,False,25.0,0.0,0.0,50.0,0.0,0.0
C0096,A005,Dorothy Lopez,medium,False,0.0,3,100,100,12.5,4,0,0,3,0,False,25.0,0.0,0.0,50.0,0.0,0.0
C0097,A005,Dorothy Lopez,medium,True,319.97,3,100,100,12.5,4,0,0,3,0,False,25.0,0.0,0.0,50.0,0.0,0.0
C0098,A005,Dorothy Lopez,medium,False,0.0,4,100,100,12.5,4,0,0,3,0,False,25.0,0.0,0.0,50.0,0.0,0.0
C0099,A005,Dorothy Lopez,medium,False,0.0,4,100,100,12.5,4,0,0,3,0,False,25.0,0.0,0.0,50.0,0.0,0.0
C0100,A005,Dorothy Lopez,medium,False,0.0,4,100,100,12.5,4,0,0,3,0,False,25.0,0.0,0.0,50.0,0.0,0.0
C0101,A006,Stephanie Johnson,medium,False,0.0,3,100,100,12.5,4,0,0,3,0,False,25.0,0.0,0.0,50.0,0.0,0.0
C0102,A006,Stephanie Johnson,medium,True,388.88,4,100,100,12.5,4,0,0,3,0,False,25.0,0.0,0.0,50.0,0.0,0.0
C0103,A006,Stephanie Johnson,medium,False,0.0,3,100,100,12.5,4,0,0,3,0,False,25.0,0.0,0.0,50.0,0.0,0.0
C0104,A006,Stephanie Johnson,medium,False,0.0,4,100,100,12.5,4,0,0,3,0,False,25.0,0.0,0.0,50.0,0.0,0.0
C0105,A006,Stephanie Johnson,medium,False,0.0,4,100,100,12.5,4,0,0,3,0,False,25.0,0.0,0.0,50.0,0.0,0.0
C0106,A006,Stephanie Johnson,medium,False,0.0,3,100,100,12.5,4,0,0,3,0,False,25.0,0.0,0.0,50.0,0.0,0.0
C0107,A006,Stephanie Johnson,medium,True,320.62,3,100,100,12.5,4,0,0,3,0,False,25.0,0.0,0.0,50.0,0.0,0.0
C0108,A006,Stephanie Johnson,medium,True,352.93,3,100,100,12.5,4,0,0,3,0,False,25.0,0.0,0.0,50.0,0.0,0.0
C0109,A006,Stephanie Johnson,medium,False,0.0,4,100,100,12.5,4,0,0,3,0,False,25.0,0.0,0.0,50.0,0.0,0.0
C0110,A006,Stephanie Johnson,medium,False,0.0,4,100,100,12.5,4,0,0,3,0,False,25.0,0.0,0.0,50.0,0.0,0.0
C0111,A006,Stephanie Johnson,medium,True,300.46,4,100,100,12.5,4,0,0,3,0,False,25.0,0.0,0.0,50.0,0.0,0.0
C0112,A006,Stephanie Johnson,medium,False,0.0,4,100,100,12.5,4,0,0,3,0,False,25.0,0.0,0.0,50.0,0.0,0.0
C0113,A006,Stephanie Johnson,medium,False,0.0,4,100,100,12.5,4,0,0,3,0,False,25.0,0.0,0.0,50.0,0.0,0.0
C0114,A006,Stephanie Johnson,medium,True,466.42,3,100,100,12.5,4,0,0,3,0,False,25.0,0.0,0.0,50.0,0.0,0.0
C0115,A006,Stephanie Johnson,medium,False,0.0,3,100,100,12.5,4,0,0,3,0,False,25.0,0.0,0.0,50.0,0.0,0.0
C0116,A006,Stephanie Johnson,medium,True,311.14,3,100,100,12.5,4,0,0,3,0,False,25.0,0.0,0.0,50.0,0.0,0.0
C0117,A006,Stephanie Johnson,medium,False,0.0,4,100,100,12.5,4,0,0,3,0,False,25.0,0.0,0.0,50.0,0.0,0.0
C0118,A006,Stephanie Johnson,medium,True,348.13,4,100,100,12.5,4,0,0,3,0,False,25.0,0.0,0.0,50.0,0.0,0.0
C0119,A006,Stephanie Johnson,medium,True,370.18,3,100,100,12.5,4,0,0,3,0,False,25.0,0.0,0.0,50.0,0.0,0.0
C0120,A006,Stephanie Johnson,medium,False,0.0,4,100,100,12.5,4,0,0,3,0,False,25.0,0.0,0.0,50.0,0.0,0.0
C0121,A007,Sarah Gonzalez,high,True,518.9,5,100,100,36.7,8,0,3,9,0,True,50.0,80.0,0.0,25.0,40.0,25.0
C0122,A007,Sarah Gonzalez,high,True,472.54,5,100,100,36.7,8,0,3,9,0,True,50.0,80.0,0.0,25.0,40.0,25.0
C0123,A007,Sarah Gonzalez,high,True,691.8,5,100,100,65.8,8,0,2,13,0,True,25.0,60.0,80.0,50.0,80.0,100.0
C0124,A007,Sarah Gonzalez,high,True,676.37,4,100,100,36.7,8,0,3,9,0,True,50.0,80.0,0.0,25.0,40.0,25.0
C0125,A007,Sarah Gonzalez,high,True,440.68,4,100,100,65.8,8,0,2,13,0,True,25.0,60.0,80.0,50.0,80.0,100.0
C0126,A007,Sarah Gonzalez,high,True,637.76,4,100,100,36.7,8,0,3,9,0,True,50.0,80.0,0.0,25.0,40.0,25.0
C0127,A007,Sarah Gonzalez,high,True,381.33,5,100,100,36.7,8,0,3,9,0,True,50.0,80.0,0.0,25.0,40.0,25.0
C0128,A007,Sarah Gonzalez,high,False,0.0,4,100,100,36.7,8,0,3,9,0,True,50.0,80.0,0.0,25.0,40.0,25.0
C0129,A007,Sarah Gonzalez,high,True,490.46,4,100,100,65.8,8,0,2,13,0,True,25.0,60.0,80.0,50.0,80.0,100.0
C0130,A007,Sarah Gonzalez,high,False,0.0,4,100,100,36.7,8,0,3,9,0,True,50.0,80.0,0.0,25.0,40.0,25.0
C0131,A007,Sarah Gonzalez,high,False,0.0,4,100,100,36.7,8,0,3,9,0,True,50.0,80.0,0.0,25.0,40.0,25.0
C0132,A007,Sarah Gonzalez,high,False,0.0,5,100,100,65.8,8,0,2,13,0,True,25.0,60.0,80.0,50.0,80.0,100.0
C0133,A007,Sarah Gonzalez,high,False,0.0,5,100,100,65.8,8,0,2,13,0,True,25.0,60.0,80.0,50.0,80.0,100.0
C0134,A007,Sarah Gonzalez,high,True,462.94,5,100,100,65.8,8,0,2,13,0,True,25.0,60.0,80.0,50.0,80.0,100.0
C0135,A007,Sarah Gonzalez,high,True,523.48,5,100,100,65.8,8,0,2,13,0,True,25.0,60.0,80.0,50.0,80.0,100.0
C0136,A007,Sarah Gonzalez,high,True,355.5,4,100,100,65.8,8,0,2,13,0,True,25.0,60.0,80.0,50.0,80.0,100.0
C0137,A007,Sarah Gonzalez,high,True,567.07,4,100,100,36.7,8,0,3,9,0,True,50.0,80.0,0.0,25.0,40.0,25.0
C0138,A007,Sarah Gonzalez,high,True,639.46,5,100,100,65.8,8,0,2,13,0,True,25.0,60.0,80.0,50.0,80.0,100.0
C0139,A007,Sarah Gonzalez,high,True,647.03,4,100,100,65.8,8,0,2,13,0,True,25.0,60.0,80.0,50.0,80.0,100.0
C0140,A007,Sarah Gonzalez,high,True,634.96,5,100,100,36.7,8,0,3,9,0,True,50.0,80.0,0.0,25.0,40.0,25.0
C0141,A008,Karen Martin,medium,False,0.0,4,100,100,12.5,4,0,0,3,0,False,25.0,0.0,0.0,50.0,0.0,0.0
C0142,A008,Karen Martin,medium,False,0.0,4,100,100,12.5,4,0,0,3,0,False,25.0,0.0,0.0,50.0,0.0,0.0
C0143,A008,Karen Martin,medium,False,0.0,4,100,100,12.5,4,0,0,3,0,False,25.0,0.0,0.0,50.0,0.0,0.0
C0144,A008,Karen Martin,medium,True,397.49,4,100,100,12.5,4,0,0,3,0,False,25.0,0.0,0.0,50.0,0.0,0.0
C0145,A008,Karen Martin,medium,True,411.76,3,100,100,12.5,4,0,0,3,0,False,25.0,0.0,0.0,50.0,0.0,0.0
C0146,A008,Karen Martin,medium,False,0.0,4,100,100,12.5,4,0,0,3,0,False,25.0,0.0,0.0,50.0,0.0,0.0
C0147,A008,Karen Martin,medium,True,285.27,4,100,100,12.5,4,0,0,3,0,False,25.0,0.0,0.0,50.0,0.0,0.0
C0148,A008,Karen Martin,medium,False,0.0,4,100,100,12.5,4,0,0,3,0,False,25.0,0.0,0.0,50.0,0.0,0.0
C0149,A008,Karen Martin,medium,True,305.07,3,100,100,12.5,4,0,0,3,0,False,25.0,0.0,0.0,50.0,0.0,0.0
C0150,A008,Karen Martin,medium,False,0.0,3,100,100,12.5,4,0,0,3,0,False,25.0,0.0,0.0,50.0,0.0,0.0
C0151,A008,Karen Martin,medium,True,369.25,4,100,100,12.5,4,0,0,3,0,False,25.0,0.0,0.0,50.0,0.0,0.0
C0152,A008,Karen Martin,medium,False,0.0,3,100,100,12.5,4,0,0,3,0,False,25.0,0.0,0.0,50.0,0.0,0.0
C0153,A008,Karen Martin,medium,False,0.0,3,100,100,12.5,4,0,0,3,0,False,25.0,0.0,0.0,50.0,0.0,0.0
C0154,A008,Karen Martin,medium,False,0.0,3,100,100,12.5,4,0,0,3,0,False,25.0,0.0,0.0,50.0,0.0,0.0
C0155,A008,Karen Martin,medium,False,0.0,3,100,100,12.5,4,0,0,3,0,False,25.0,0.0,0.0,50.0,0.0,0.0
C0156,A008,Karen Martin,medium,True,292.88,4,100,100,12.5,4,0,0,3,0,False,25.0,0.0,0.0,50.0,0.0,0.0
C0157,A008,Karen Martin,medium,True,421.93,4,100,100,12.5,4,0,0,3,0,False,25.0,0.0,0.0,50.0,0.0,0.0
C0158,A008,Karen Martin,medium,False,0.0,4,100,100,12.5,4,0,0,3,0,False,25.0,0.0,0.0,50.0,0.0,0.0
C0159,A008,Karen Martin,medium,True,275.55,4,100,100,12.5,4,0,0,3,0,False,25.0,0.0,0.0,50.0,0.0,0.0
C0160,A008,Karen Martin,medium,True,412.36,4,100,100,12.5,4,0,0,3,0,False,25.0,0.0,0.0,50.0,0.0,0.0
C0161,A009,Robert Williams,medium,True,356.77,4,100,100,12.5,4,0,0,3,0,False,25.0,0.0,0.0,50.0,0.0,0.0
C0162,A009,Robert Williams,medium,False,0.0,4,100,100,12.5,4,0,0,3,0,False,25.0,0.0,0.0,50.0,0.0,0.0
C0163,A009,Robert Williams,medium,True,401.71,3,100,100,12.5,4,0,0,3,0,False,25.0,0.0,0.0,50.0,0.0,0.0
C0164,A009,Robert Williams,medium,False,0.0,3,100,100,12.5,4,0,0,3,0,False,25.0,0.0,0.0,50.0,0.0,0.0
C0165,A009,Robert Williams,medium,False,0.0,3,100,100,12.5,4,0,0,3,0,False,25.0,0.0,0.0,50.0,0.0,0.0
C0166,A009,Robert Williams,medium,True,469.09,4,100,100,12.5,4,0,0,3,0,False,25.0,0.0,0.0,50.0,0.0,0.0
C0167,A009,Robert Williams,medium,False,0.0,4,100,100,12.5,4,0,0,3,0,False,25.0,0.0,0.0,50.0,0.0,0.0
C0168,A009,Robert Williams,medium,False,0.0,3,100,100,12.5,4,0,0,3,0,False,25.0,0.0,0.0,50.0,0.0,0.0
C0169,A009,Robert Williams,medium,True,431.2,3,100,100,12.5,4,0,0,3,0,False,25.0,0.0,0.0,50.0,0.0,0.0
C0170,A009,Robert Williams,medium,False,0.0,4,100,100,12.5,4,0,0,3,0,False,25.0,0.0,0.0,50.0,0.0,0.0
C0171,A009,Robert Williams,medium,True,394.33,4,100,100,12.5,4,0,0,3,0,False,25.0,0.0,0.0,50.0,0.0,0.0
C0172,A009,Robert Williams,medium,True,316.32,3,100,100,12.5,4,0,0,3,0,False,25.0,0.0,0.0,50.0,0.0,0.0
C0173,A009,Robert Williams,medium,False,0.0,4,100,100,12.5,4,0,0,3,0,False,25.0,0.0,0.0,50.0,0.0,0.0
C0174,A009,Robert Williams,medium,False,0.0,4,100,100,12.5,4,0,0,3,0,False,25.0,0.0,0.0,50.0,0.0,0.0
C0175,A009,Robert Williams,medium,False,0.0,4,100,100,12.5,4,0,0,3,0,False,25.0,0.0,0.0,50.0,0.0,0.0
C0176,A009,Robert Williams,medium,True,410.7,3,100,100,12.5,4,0,0,3,0,False,25.0,0.0,0.0,50.0,0.0,0.0
C0177,A009,Robert Williams,medium,False,0.0,4,100,100,12.5,4,0,0,3,0,False,25.0,0.0,0.0,50.0,0.0,0.0
C0178,A009,Robert Williams,medium,False,0.0,3,100,100,12.5,4,0,0,3,0,False,25.0,0.0,0.0,50.0,0.0,0.0
C0179,A009,Robert Williams,medium,False,0.0,4,100,100,12.5,4,0,0,3,0,False,25.0,0.0,0.0,50.0,0.0,0.0
C0180,A009,Robert Williams,medium,False,0.0,4,100,100,12.5,4,0,0,3,0,False,25.0,0.0,0.0,50.0,0.0,0.0
C0181,A010,Paul Martinez,medium,False,0.0,3,100,100,12.5,4,0,0,3,0,False,25.0,0.0,0.0,50.0,0.0,0.0
C0182,A010,Paul Martinez,medium,False,0.0,4,100,100,12.5,4,0,0,3,0,False,25.0,0.0,0.0,50.0,0.0,0.0
C0183,A010,Paul Martinez,medium,True,428.87,4,100,100,12.5,4,0,0,3,0,False,25.0,0.0,0.0,50.0,0.0,0.0
C0184,A010,Paul Martinez,medium,True,367.4,4,100,100,12.5,4,0,0,3,0,False,25.0,0.0,0.0,50.0,0.0,0.0
C0185,A010,Paul Martinez,medium,True,415.35,3,100,100,12.5,4,0,0,3,0,False,25.0,0.0,0.0,50.0,0.0,0.0
C0186,A010,Paul Martinez,medium,False,0.0,3,100,100,12.5,4,0,0,3,0,False,25.0,0.0,0.0,50.0,0.0,0.0
C0187,A010,Paul Martinez,medium,False,0.0,3,100,100,12.5,4,0,0,3,0,False,25.0,0.0,0.0,50.0,0.0,0.0
C0188,A010,Paul Martinez,medium,False,0.0,4,100,100,12.5,4,0,0,3,0,False,25.0,0.0,0.0,50.0,0.0,0.0
C0189,A010,Paul Martinez,medium,True,356.65,4,100,100,12.5,4,0,0,3,0,False,25.0,0.0,0.0,50.0,0.0,0.0
C0190,A010,Paul Martinez,medium,False,0.0,3,100,100,12.5,4,0,0,3,0,False,25.0,0.0,0.0,50.0,0.0,0.0
C0191,A010,Paul Martinez,medium,False,0.0,4,100,100,12.5,4,0,0,3,0,False,25.0,0.0,0.0,50.0,0.0,0.0
C0192,A010,Paul Martinez,medium,False,0.0,4,100,100,12.5,4,0,0,3,0,False,25.0,0.0,0.0,50.0,0.0,0.0
C0193,A010,Paul Martinez,medium,False,0.0,4,100,100,12.5,4,0,0,3,0,False,25.0,0.0,0.0,50.0,0.0,0.0
C0194,A010,Paul Martinez,medium,False,0.0,3,100,100,12.5,4,0,0,3,0,False,25.0,0.0,0.0,50.0,0.0,0.0
C0195,A010,Paul Martinez,medium,False,0.0,3,100,100,12.5,4,0,0,3,0,False,25.0,0.0,0.0,50.0,0.0,0.0
C0196,A010,Paul Martinez,medium,True,452.59,3,100,100,12.5,4,0,0,3,0,False,25.0,0.0,0.0,50.0,0.0,0.0
C0197,A010,Paul Martinez,medium,True,439.83,4,100,100,12.5,4,0,0,3,0,False,25.0,0.0,0.0,50.0,0.0,0.0
C0198,A010,Paul Martinez,medium,True,296.22,4,100,100,12.5,4,0,0,3,0,False,25.0,0.0,0.0,50.0,0.0,0.0
C0199,A010,Paul Martinez,medium,True,351.04,3,100,100,12.5,4,0,0,3,0,False,25.0,0.0,0.0,50.0,0.0,0.0
C0200,A010,Paul Martinez,medium,True,296.13,4,100,100,12.5,4,0,0,3,0,False,25.0,0.0,0.0,50.0,0.0,0.0
C0201,A011,Dorothy Brown,medium,False,0.0,3,100,100,12.5,4,0,0,3,0,False,25.0,0.0,0.0,50.0,0.0,0.0
C0202,A011,Dorothy Brown,medium,False,0.0,4,100,100,12.5,4,0,0,3,0,False,25.0,0.0,0.0,50.0,0.0,0.0
C0203,A011,Dorothy Brown,medium,True,414.61,4,100,100,12.5,4,0,0,3,0,False,25.0,0.0,0.0,50.0,0.0,0.0
C0204,A011,Dorothy Brown,medium,False,0.0,4,100,100,12.5,4,0,0,3,0,False,25.0,0.0,0.0,50.0,0.0,0.0
C0205,A011,Dorothy Brown,medium,False,0.0,4,100,100,12.5,4,0,0,3,0,False,25.0,0.0,0.0,50.0,0.0,0.0
C0206,A011,Dorothy Brown,medium,False,0.0,4,100,100,12.5,4,0,0,3,0,False,25.0,0.0,0.0,50.0,0.0,0.0
C0207,A011,Dorothy Brown,medium,False,0.0,3,100,100,12.5,4,0,0,3,0,False,25.0,0.0,0.0,50.0,0.0,0.0
C0208,A011,Dorothy Brown,medium,True,440.77,3,100,100,12.5,4,0,0,3,0,False,25.0,0.0,0.0,50.0,0.0,0.0
C0209,A011,Dorothy Brown,medium,False,0.0,4,100,100,12.5,4,0,0,3,0,False,25.0,0.0,0.0,50.0,0.0,0.0
C0210,A011,Dorothy Brown,medium,True,433.69,3,100,100,12.5,4,0,0,3,0,False,25.0,0.0,0.0,50.0,0.0,0.0
C0211,A011,Dorothy Brown,medium,True,341.96,3,100,100,12.5,4,0,0,3,0,False,25.0,0.0,0.0,50.0,0.0,0.0
C0212,A011,Dorothy Brown,medium,True,462.15,3,100,100,12.5,4,0,0,3,0,False,25.0,0.0,0.0,50.0,0.0,0.0
C0213,A011,Dorothy Brown,medium,True,427.07,4,100,100,12.5,4,0,0,3,0,False,25.0,0.0,0.0,50.0,0.0,0.0
C0214,A011,Dorothy Brown,medium,False,0.0,4,100,100,12.5,4,0,0,3,0,False,25.0,0.0,0.0,50.0,0.0,0.0
C0215,A011,Dorothy Brown,medium,True,367.22,3,100,100,12.5,4,0,0,3,0,False,25.0,0.0,0.0,50.0,0.0,0.0
C0216,A011,Dorothy Brown,medium,False,0.0,3,100,100,12.5,4,0,0,3,0,False,25.0,0.0,0.0,50.0,0.0,0.0
C0217,A011,Dorothy Brown,medium,False,0.0,4,100,100,12.5,4,0,0,3,0,False,25.0,0.0,0.0,50.0,0.0,0.0
C0218,A011,Dorothy Brown,medium,True,349.73,4,100,100,12.5,4,0,0,3,0,False,25.0,0.0,0.0,50.0,0.0,0.0
C0219,A011,Dorothy Brown,medium,False,0.0,3,100,100,12.5,4,0,0,3,0,False,25.0,0.0,0.0,50.0,0.0,0.0
C0220,A011,Dorothy Brown,medium,True,375.63,4,100,100,12.5,4,0,0,3,0,False,25.0,0.0,0.0,50.0,0.0,0.0
C0221,A012,Charles Lopez,low,False,0.0,2,100,100,18.3,4,6,0,1,4,False,25.0,40.0,20.0,0.0,0.0,25.0
C0222,A012,Charles Lopez,low,False,0.0,1,100,0.0,11.7,2,2,0,0,6,False,50.0,20.0,0.0,0.0,0.0,0.0
C0223,A012,Charles Lopez,low,False,0.0,2,100,100,18.3,4,6,0,1,4,False,25.0,40.0,20.0,0.0,0.0,25.0
C0224,A012,Charles Lopez,low,False,0.0,2,100,0.0,11.7,2,2,0,0,6,False,50.0,20.0,0.0,0.0,0.0,0.0
C0225,A012,Charles Lopez,low,False,0.0,2,100,0.0,11.7,2,2,0,0,6,False,50.0,20.0,0.0,0.0,0.0,0.0
C0226,A012,Charles Lopez,low,False,0.0,3,100,100,18.3,4,6,0,1,4,False,25.0,40.0,20.0,0.0,0.0,25.0
C0227,A012,Charles Lopez,low,False,0.0,3,100,0.0,11.7,2,2,0,0,6,False,50.0,20.0,0.0,0.0,0.0,0.0
C0228,A012,Charles Lopez,low,False,0.0,2,100,100,18.3,4,6,0,1,4,False,25.0,40.0,20.0,0.0,0.0,25.0
C0229,A012,Charles Lopez,low,True,323.61,2,100,100,18.3,4,6,0,1,4,False,25.0,40.0,20.0,0.0,0.0,25.0
C0230,A012,Charles Lopez,low,False,0.0,3,100,0.0,11.7,2,2,0,0,6,False,50.0,20.0,0.0,0.0,0.0,0.0
C0231,A012,Charles Lopez,low,False,0.0,3,100,100,18.3,4,6,0,1,4,False,25.0,40.0,20.0,0.0,0.0,25.0
C0232,A012,Charles Lopez,low,False,0.0,3,100,0.0,11.7,2,2,0,0,6,False,50.0,20.0,0.0,0.0,0.0,0.0
C0233,A012,Charles Lopez,low,False,0.0,1,100,100,18.3,4,6,0,1,4,False,25.0,40.0,20.0,0.0,0.0,25.0
C0234,A012,Charles Lopez,low,False,0.0,1,100,100,18.3,4,6,0,1,4,False,25.0,40.0,20.0,0.0,0.0,25.0
C0235,A012,Charles Lopez,low,True,216.83,1,100,100,18.3,4,6,0,1,4,False,25.0,40.0,20.0,0.0,0.0,25.0
C0236,A012,Charles Lopez,low,False,0.0,3,100,100,18.3,4,6,0,1,4,False,25.0,40.0,20.0,0.0,0.0,25.0
C0237,A012,Charles Lopez,low,True,257.6,1,100,100,18.3,4,6,0,1,4,False,25.0,40.0,20.0,0.0,0.0,25.0
C0238,A012,Charles Lopez,low,False,0.0,1,100,0.0,11.7,2,2,0,0,6,False,50.0,20.0,0.0,0.0,0.0,0.0
C0239,A012,Charles Lopez,low,False,0.0,3,100,100,18.3,4,6,0,1,4,False,25.0,40.0,20.0,0.0,0.0,25.0
C0240,A012,Charles Lopez,low,False,0.0,3,100,100,18.3,4,6,0,1,4,False,25.0,40.0,20.0,0.0,0.0,25.0
C0241,A013,Nancy Miller,low,True,222.84,1,100,100,18.3,4,6,0,1,4,False,25.0,40.0,20.0,0.0,0.0,25.0
C0242,A013,Nancy Miller,low,False,0.0,3,100,0.0,11.7,2,2,0,0,6,False,50.0,20.0,0.0,0.0,0.0,0.0
C0243,A013,Nancy Miller,low,True,246.96,1,100,100,18.3,4,6,0,1,4,False,25.0,40.0,20.0,0.0,0.0,25.0
C0244,A013,Nancy Miller,low,False,0.0,2,100,100,18.3,4,6,0,1,4,False,25.0,40.0,20.0,0.0,0.0,25.0
C0245,A013,Nancy Miller,low,False,0.0,1,100,100,18.3,4,6,0,1,4,False,25.0,40.0,20.0,0.0,0.0,25.0
C0246,A013,Nancy Miller,low,False,0.0,2,100,0.0,11.7,2,2,0,0,6,False,50.0,20.0,0.0,0.0,0.0,0.0
C0247,A013,Nancy Miller,low,False,0.0,1,100,100,18.3,4,6,0,1,4,False,25.0,40.0,20.0,0.0,0.0,25.0
C0248,A013,Nancy Miller,low,False,0.0,3,100,100,18.3,4,6,0,1,4,False,25.0,40.0,20.0,0.0,0.0,25.0
C0249,A013,Nancy Miller,low,False,0.0,1,100,100,18.3,4,6,0,1,4,False,25.0,40.0,20.0,0.0,0.0,25.0
C0250,A013,Nancy Miller,low,False,0.0,3,100,0.0,11.7,2,2,0,0,6,False,50.0,20.0,0.0,0.0,0.0,0.0
C0251,A013,Nancy Miller,low,False,0.0,3,100,100,18.3,4,6,0,1,4,False,25.0,40.0,20.0,0.0,0.0,25.0
C0252,A013,Nancy Miller,low,False,0.0,2,100,0.0,11.7,2,2,0,0,6,False,50.0,20.0,0.0,0.0,0.0,0.0
C0253,A013,Nancy Miller,low,False,0.0,2,100,100,18.3,4,6,0,1,4,False,25.0,40.0,20.0,0.0,0.0,25.0
C0254,A013,Nancy Miller,low,False,0.0,2,100,0.0,11.7,2,2,0,0,6,False,50.0,20.0,0.0,0.0,0.0,0.0
C0255,A013,Nancy Miller,low,False,0.0,2,100,100,18.3,4,6,0,1,4,False,25.0,40.0,20.0,0.0,0.0,25.0
C0256,A013,Nancy Miller,low,False,0.0,2,100,0.0,11.7,2,2,0,0,6,False,50.0,20.0,0.0,0.0,0.0,0.0
C0257,A013,Nancy Miller,low,False,0.0,1,100,100,18.3,4,6,0,1,4,False,25.0,40.0,20.0,0.0,0.0,25.0
C0258,A013,Nancy Miller,low,False,0.0,3,100,0.0,11.7,2,2,0,0,6,False,50.0,20.0,0.0,0.0,0.0,0.0
C0259,A013,Nancy Miller,low,False,0.0,3,100,100,18.3,4,6,0,1,4,False,25.0,40.0,20.0,0.0,0.0,25.0
C0260,A013,Nancy Miller,low,True,229.16,2,100,0.0,11.7,2,2,0,0,6,False,50.0,20.0,0.0,0.0,0.0,0.0
C0261,A014,Mark Williams,medium,False,0.0,3,100,100,12.5,4,0,0,3,0,False,25.0,0.0,0.0,50.0,0.0,0.0
C0262,A014,Mark Williams,medium,False,0.0,3,100,100,12.5,4,0,0,3,0,False,25.0,0.0,0.0,50.0,0.0,0.0
C0263,A014,Mark Williams,medium,False,0.0,4,100,100,12.5,4,0,0,3,0,False,25.0,0.0,0.0,50.0,0.0,0.0
C0264,A014,Mark Williams,medium,False,0.0,4,100,100,12.5,4,0,0,3,0,False,25.0,0.0,0.0,50.0,0.0,0.0
C0265,A014,Mark Williams,medium,True,356.52,3,100,100,12.5,4,0,0,3,0,False,25.0,0.0,0.0,50.0,0.0,0.0
C0266,A014,Mark Williams,medium,False,0.0,4,100,100,12.5,4,0,0,3,0,False,25.0,0.0,0.0,50.0,0.0,0.0
C0267,A014,Mark Williams,medium,False,0.0,3,100,100,12.5,4,0,0,3,0,False,25.0,0.0,0.0,50.0,0.0,0.0
C0268,A014,Mark Williams,medium,True,362.44,4,100,100,12.5,4,0,0,3,0,False,25.0,0.0,0.0,50.0,0.0,0.0
C0269,A014,Mark Williams,medium,False,0.0,3,100,100,12.5,4,0,0,3,0,False,25.0,0.0,0.0,50.0,0.0,0.0
C0270,A014,Mark Williams,medium,False,0.0,3,100,100,12.5,4,0,0,3,0,False,25.0,0.0,0.0,50.0,0.0,0.0
C0271,A014,Mark Williams,medium,False,0.0,3,100,100,12.5,4,0,0,3,0,False,25.0,0.0,0.0,50.0,0.0,0.0
C0272,A014,Mark Williams,medium,False,0.0,4,100,100,12.5,4,0,0,3,0,False,25.0,0.0,0.0,50.0,0.0,0.0
C0273,A014,Mark Williams,medium,False,0.0,4,100,100,12.5,4,0,0,3,0,False,25.0,0.0,0.0,50.0,0.0,0.0
C0274,A014,Mark Williams,medium,True,325.23,3,100,100,12.5,4,0,0,3,0,False,25.0,0.0,0.0,50.0,0.0,0.0
C0275,A014,Mark Williams,medium,True,334.99,3,100,100,12.5,4,0,0,3,0,False,25.0,0.0,0.0,50.0,0.0,0.0
C0276,A014,Mark Williams,medium,True,293.36,3,100,100,12.5,4,0,0,3,0,False,25.0,0.0,0.0,50.0,0.0,0.0
C0277,A014,Mark Williams,medium,True,377.46,4,100,100,12.5,4,0,0,3,0,False,25.0,0.0,0.0,50.0,0.0,0.0
C0278,A014,Mark Williams,medium,True,351.56,3,100,100,12.5,4,0,0,3,0,False,25.0,0.0,0.0,50.0,0.0,0.0
C0279,A014,Mark Williams,medium,True,384.76,4,100,100,12.5,4,0,0,3,0,False,25.0,0.0,0.0,50.0,0.0,0.0
C0280,A014,Mark Williams,medium,True,425.72,3,100,100,12.5,4,0,0,3,0,False,25.0,0.0,0.0,50.0,0.0,0.0
C0281,A015,Ashley Davis,medium,False,0.0,4,100,100,12.5,4,0,0,3,0,False,25.0,0.0,0.0,50.0,0.0,0.0
C0282,A015,Ashley Davis,medium,True,343.88,4,100,100,12.5,4,0,0,3,0,False,25.0,0.0,0.0,50.0,0.0,0.0
C0283,A015,Ashley Davis,medium,True,353.93,4,100,100,12.5,4,0,0,3,0,False,25.0,0.0,0.0,50.0,0.0,0.0
C0284,A015,Ashley Davis,medium,False,0.0,3,100,100,12.5,4,0,0,3,0,False,25.0,0.0,0.0,50.0,0.0,0.0
C0285,A015,Ashley Davis,medium,True,318.82,4,100,100,12.5,4,0,0,3,0,False,25.0,0.0,0.0,50.0,0.0,0.0
C0286,A015,Ashley Davis,medium,False,0.0,3,100,100,12.5,4,0,0,3,0,False,25.0,0.0,0.0,50.0,0.0,0.0
C0287,A015,Ashley Davis,medium,True,475.98,4,100,100,12.5,4,0,0,3,0,False,25.0,0.0,0.0,50.0,0.0,0.0
C0288,A015,Ashley Davis,medium,False,0.0,3,100,100,12.5,4,0,0,3,0,False,25.0,0.0,0.0,50.0,0.0,0.0
C0289,A015,Ashley Davis,medium,True,359.87,3,100,100,12.5,4,0,0,3,0,False,25.0,0.0,0.0,50.0,0.0,0.0
C0290,A015,Ashley Davis,medium,True,369.47,4,100,100,12.5,4,0,0,3,0,False,25.0,0.0,0.0,50.0,0.0,0.0
C0291,A015,Ashley Davis,medium,False,0.0,3,100,100,12.5,4,0,0,3,0,False,25.0,0.0,0.0,50.0,0.0,0.0
C0292,A015,Ashley Davis,medium,True,358.89,3,100,100,12.5,4,0,0,3,0,False,25.0,0.0,0.0,50.0,0.0,0.0
C0293,A015,Ashley Davis,medium,False,0.0,3,100,100,12.5,4,0,0,3,0,False,25.0,0.0,0.0,50.0,0.0,0.0
C0294,A015,Ashley Davis,medium,False,0.0,4,100,100,12.5,4,0,0,3,0,False,25.0,0.0,0.0,50.0,0.0,0.0
C0295,A015,Ashley Davis,medium,False,0.0,3,100,100,12.5,4,0,0,3,0,False,25.0,0.0,0.0,50.0,0.0,0.0
C0296,A015,Ashley Davis,medium,True,282.34,3,100,100,12.5,4,0,0,3,0,False,25.0,0.0,0.0,50.0,0.0,0.0
C0297,A015,Ashley Davis,medium,True,358.37,4,100,100,12.5,4,0,0,3,0,False,25.0,0.0,0.0,50.0,0.0,0.0
C0298,A015,Ashley Davis,medium,False,0.0,4,100,100,12.5,4,0,0,3,0,False,25.0,0.0,0.0,50.0,0.0,0.0
C0299,A015,Ashley Davis,medium,True,415.77,4,100,100,12.5,4,0,0,3,0,False,25.0,0.0,0.0,50.0,0.0,0.0
C0300,A015,Ashley Davis,medium,True,365.44,4,100,100,12.5,4,0,0,3,0,False,25.0,0.0,0.0,50.0,0.0,0.0
C0301,A016,Thomas Rodriguez,low,False,0.0,3,100,0.0,11.7,2,2,0,0,6,False,50.0,20.0,0.0,0.0,0.0,0.0
C0302,A016,Thomas Rodriguez,low,False,0.0,1,100,0.0,11.7,2,2,0,0,6,False,50.0,20.0,0.0,0.0,0.0,0.0
C0303,A016,Thomas Rodriguez,low,False,0.0,1,100,0.0,11.7,2,2,0,0,6,False,50.0,20.0,0.0,0.0,0.0,0.0
C0304,A016,Thomas Rodriguez,low,False,0.0,1,100,100,18.3,4,6,0,1,4,False,25.0,40.0,20.0,0.0,0.0,25.0
C0305,A016,Thomas Rodriguez,low,True,267.5,2,100,0.0,11.7,2,2,0,0,6,False,50.0,20.0,0.0,0.0,0.0,0.0
C0306,A016,Thomas Rodriguez,low,False,0.0,2,100,100,18.3,4,6,0,1,4,False,25.0,40.0,20.0,0.0,0.0,25.0
C0307,A016,Thomas Rodriguez,low,True,205.96,1,100,100,18.3,4,6,0,1,4,False,25.0,40.0,20.0,0.0,0.0,25.0
C0308,A016,Thomas Rodriguez,low,False,0.0,3,100,100,18.3,4,6,0,1,4,False,25.0,40.0,20.0,0.0,0.0,25.0
C0309,A016,Thomas Rodriguez,low,False,0.0,1,100,0.0,11.7,2,2,0,0,6,False,50.0,20.0,0.0,0.0,0.0,0.0
C0310,A016,Thomas Rodriguez,low,False,0.0,2,100,100,18.3,4,6,0,1,4,False,25.0,40.0,20.0,0.0,0.0,25.0
C0311,A016,Thomas Rodriguez,low,False,0.0,2,100,0.0,11.7,2,2,0,0,6,False,50.0,20.0,0.0,0.0,0.0,0.0
C0312,A016,Thomas Rodriguez,low,False,0.0,1,100,0.0,11.7,2,2,0,0,6,False,50.0,20.0,0.0,0.0,0.0,0.0
C0313,A016,Thomas Rodriguez,low,False,0.0,3,100,100,18.3,4,6,0,1,4,False,25.0,40.0,20.0,0.0,0.0,25.0
C0314,A016,Thomas Rodriguez,low,False,0.0,3,100,0.0,11.7,2,2,0,0,6,False,50.0,20.0,0.0,0.0,0.0,0.0
C0315,A016,Thomas Rodriguez,low,False,0.0,2,100,0.0,11.7,2,2,0,0,6,False,50.0,20.0,0.0,0.0,0.0,0.0
C0316,A016,Thomas Rodriguez,low,False,0.0,2,100,100,18.3,4,6,0,1,4,False,25.0,40.0,20.0,0.0,0.0,25.0
C0317,A016,Thomas Rodriguez,low,False,0.0,2,100,0.0,11.7,2,2,0,0,6,False,50.0,20.0,0.0,0.0,0.0,0.0
C0318,A016,Thomas Rodriguez,low,False,0.0,3,100,0.0,11.7,2,2,0,0,6,False,50.0,20.0,0.0,0.0,0.0,0.0
C0319,A016,Thomas Rodriguez,low,False,0.0,2,100,0.0,11.7,2,2,0,0,6,False,50.0,20.0,0.0,0.0,0.0,0.0
C0320,A016,Thomas Rodriguez,low,False,0.0,2,100,0.0,11.7,2,2,0,0,6,False,50.0,20.0,0.0,0.0,0.0,0.0
C0321,A017,Lisa Hernandez,high,True,455.3,4,100,100,65.8,8,0,2,13,0,True,25.0,60.0,80.0,50.0,80.0,100.0
C0322,A017,Lisa Hernandez,high,True,542.7,5,100,100,36.7,8,0,3,9,0,True,50.0,80.0,0.0,25.0,40.0,25.0
C0323,A017,Lisa Hernandez,high,True,425.45,4,100,100,65.8,8,0,2,13,0,True,25.0,60.0,80.0,50.0,80.0,100.0
C0324,A017,Lisa Hernandez,high,True,463.59,5,100,100,36.7,8,0,3,9,0,True,50.0,80.0,0.0,25.0,40.0,25.0
C0325,A017,Lisa Hernandez,high,False,0.0,5,100,100,36.7,8,0,3,9,0,True,50.0,80.0,0.0,25.0,40.0,25.0
C0326,A017,Lisa Hernandez,high,True,444.86,4,100,100,65.8,8,0,2,13,0,True,25.0,60.0,80.0,50.0,80.0,100.0
C0327,A017,Lisa Hernandez,high,False,0.0,4,100,100,36.7,8,0,3,9,0,True,50.0,80.0,0.0,25.0,40.0,25.0
C0328,A017,Lisa Hernandez,high,False,0.0,5,100,100,36.7,8,0,3,9,0,True,50.0,80.0,0.0,25.0,40.0,25.0
C0329,A017,Lisa Hernandez,high,False,0.0,5,100,100,65.8,8,0,2,13,0,True,25.0,60.0,80.0,50.0,80.0,100.0
C0330,A017,Lisa Hernandez,high,True,447.3,5,100,100,36.7,8,0,3,9,0,True,50.0,80.0,0.0,25.0,40.0,25.0
C0331,A017,Lisa Hernandez,high,True,580.01,4,100,100,65.8,8,0,2,13,0,True,25.0,60.0,80.0,50.0,80.0,100.0
C0332,A017,Lisa Hernandez,high,True,344.24,5,100,100,36.7,8,0,3,9,0,True,50.0,80.0,0.0,25.0,40.0,25.0
C0333,A017,Lisa Hernandez,high,True,616.27,5,100,100,36.7,8,0,3,9,0,True,50.0,80.0,0.0,25.0,40.0,25.0
C0334,A017,Lisa Hernandez,high,True,365.62,4,100,100,36.7,8,0,3,9,0,True,50.0,80.0,0.0,25.0,40.0,25.0
C0335,A017,Lisa Hernandez,high,False,0.0,5,100,100,36.7,8,0,3,9,0,True,50.0,80.0,0.0,25.0,40.0,25.0
C0336,A017,Lisa Hernandez,high,False,0.0,4,100,100,36.7,8,0,3,9,0,True,50.0,80.0,0.0,25.0,40.0,25.0
C0337,A017,Lisa Hernandez,high,True,486.62,4,100,100,65.8,8,0,2,13,0,True,25.0,60.0,80.0,50.0,80.0,100.0
C0338,A017,Lisa Hernandez,high,True,399.3,4,100,100,36.7,8,0,3,9,0,True,50.0,80.0,0.0,25.0,40.0,25.0
C0339,A017,Lisa Hernandez,high,True,408.16,4,100,100,65.8,8,0,2,13,0,True,25.0,60.0,80.0,50.0,80.0,100.0
C0340,A017,Lisa Hernandez,high,True,455.05,5,100,100,65.8,8,0,2,13,0,True,25.0,60.0,80.0,50.0,80.0,100.0
C0341,A018,Steven Johnson,medium,False,0.0,4,100,100,12.5,4,0,0,3,0,False,25.0,0.0,0.0,50.0,0.0,0.0
C0342,A018,Steven Johnson,medium,True,402.48,4,100,100,12.5,4,0,0,3,0,False,25.0,0.0,0.0,50.0,0.0,0.0
C0343,A018,Steven Johnson,medium,False,0.0,3,100,100,12.5,4,0,0,3,0,False,25.0,0.0,0.0,50.0,0.0,0.0
C0344,A018,Steven Johnson,medium,False,0.0,4,100,100,12.5,4,0,0,3,0,False,25.0,0.0,0.0,50.0,0.0,0.0
C0345,A018,Steven Johnson,medium,True,405.95,4,100,100,12.5,4,0,0,3,0,False,25.0,0.0,0.0,50.0,0.0,0.0
C0346,A018,Steven Johnson,medium,True,390.3,3,100,100,12.5,4,0,0,3,0,False,25.0,0.0,0.0,50.0,0.0,0.0
C0347,A018,Steven Johnson,medium,True,406.94,4,100,100,12.5,4,0,0,3,0,False,25.0,0.0,0.0,50.0,0.0,0.0
C0348,A018,Steven Johnson,medium,True,329.97,3,100,100,12.5,4,0,0,3,0,False,25.0,0.0,0.0,50.0,0.0,0.0
C0349,A018,Steven Johnson,medium,False,0.0,3,100,100,12.5,4,0,0,3,0,False,25.0,0.0,0.0,50.0,0.0,0.0
C0350,A018,Steven Johnson,medium,False,0.0,4,100,100,12.5,4,0,0,3,0,False,25.0,0.0,0.0,50.0,0.0,0.0
C0351,A018,Steven Johnson,medium,False,0.0,3,100,100,12.5,4,0,0,3,0,False,25.0,0.0,0.0,50.0,0.0,0.0
C0352,A018,Steven Johnson,medium,False,0.0,4,100,100,12.5,4,0,0,3,0,False,25.0,0.0,0.0,50.0,0.0,0.0
C0353,A018,Steven Johnson,medium,True,349.09,4,100,100,12.5,4,0,0,3,0,False,25.0,0.0,0.0,50.0,0.0,0.0
C0354,A018,Steven Johnson,medium,False,0.0,4,100,100,12.5,4,0,0,3,0,False,25.0,0.0,0.0,50.0,0.0,0.0
C0355,A018,Steven Johnson,medium,False,0.0,4,100,100,12.5,4,0,0,3,0,False,25.0,0.0,0.0,50.0,0.0,0.0
C0356,A018,Steven Johnson,medium,True,395.69,3,100,100,12.5,4,0,0,3,0,False,25.0,0.0,0.0,50.0,0.0,0.0
C0357,A018,Steven Johnson,medium,False,0.0,3,100,100,12.5,4,0,0,3,0,False,25.0,0.0,0.0,50.0,0.0,0.0
C0358,A018,Steven Johnson,medium,True,277.56,4,100,100,12.5,4,0,0,3,0,False,25.0,0.0,0.0,50.0,0.0,0.0
C0359,A018,Steven Johnson,medium,True,297.69,3,100,100,12.5,4,0,0,3,0,False,25.0,0.0,0.0,50.0,0.0,0.0
C0360,A018,Steven Johnson,medium,False,0.0,3,100,100,12.5,4,0,0,3,0,False,25.0,0.0,0.0,50.0,0.0,0.0
C0361,A019,William Williams,medium,True,380.82,3,100,100,12.5,4,0,0,3,0,False,25.0,0.0,0.0,50.0,0.0,0.0
C0362,A019,William Williams,medium,False,0.0,3,100,100,12.5,4,0,0,3,0,False,25.0,0.0,0.0,50.0,0.0,0.0
C0363,A019,William Williams,medium,True,267.09,4,100,100,12.5,4,0,0,3,0,False,25.0,0.0,0.0,50.0,0.0,0.0
C0364,A019,William Williams,medium,True,406.55,4,100,100,12.5,4,0,0,3,0,False,25.0,0.0,0.0,50.0,0.0,0.0
C0365,A019,William Williams,medium,False,0.0,4,100,100,12.5,4,0,0,3,0,False,25.0,0.0,0.0,50.0,0.0,0.0
C0366,A019,William Williams,medium,False,0.0,4,100,100,12.5,4,0,0,3,0,False,25.0,0.0,0.0,50.0,0.0,0.0
C0367,A019,William Williams,medium,True,412.35,4,100,100,12.5,4,0,0,3,0,False,25.0,0.0,0.0,50.0,0.0,0.0
C0368,A019,William Williams,medium,True,374.16,3,100,100,12.5,4,0,0,3,0,False,25.0,0.0,0.0,50.0,0.0,0.0
C0369,A019,William Williams,medium,False,0.0,4,100,100,12.5,4,0,0,3,0,False,25.0,0.0,0.0,50.0,0.0,0.0
C0370,A019,William Williams,medium,True,275.55,3,100,100,12.5,4,0,0,3,0,False,25.0,0.0,0.0,50.0,0.0,0.0
C0371,A019,William Williams,medium,True,368.47,3,100,100,12.5,4,0,0,3,0,False,25.0,0.0,0.0,50.0,0.0,0.0
C0372,A019,William Williams,medium,False,0.0,4,100,100,12.5,4,0,0,3,0,False,25.0,0.0,0.0,50.0,0.0,0.0
C0373,A019,William Williams,medium,False,0.0,4,100,100,12.5,4,0,0,3,0,False,25.0,0.0,0.0,50.0,0.0,0.0
C0374,A019,William Williams,medium,False,0.0,4,100,100,12.5,4,0,0,3,0,False,25.0,0.0,0.0,50.0,0.0,0.0
C0375,A019,William Williams,medium,True,336.91,3,100,100,12.5,4,0,0,3,0,False,25.0,0.0,0.0,50.0,0.0,0.0
C0376,A019,William Williams,medium,True,398.79,4,100,100,12.5,4,0,0,3,0,False,25.0,0.0,0.0,50.0,0.0,0.0
C0377,A019,William Williams,medium,True,375.31,4,100,100,12.5,4,0,0,3,0,False,25.0,0.0,0.0,50.0,0.0,0.0
C0378,A019,William Williams,medium,False,0.0,3,100,100,12.5,4,0,0,3,0,False,25.0,0.0,0.0,50.0,0.0,0.0
C0379,A019,William Williams,medium,True,428.98,3,100,100,12.5,4,0,0,3,0,False,25.0,0.0,0.0,50.0,0.0,0.0
C0380,A019,William Williams,medium,False,0.0,4,100,100,12.5,4,0,0,3,0,False,25.0,0.0,0.0,50.0,0.0,0.0
C0381,A020,Andrew Hernandez,high,True,364.58,4,100,100,36.7,8,0,3,9,0,True,50.0,80.0,0.0,25.0,40.0,25.0
C0382,A020,Andrew Hernandez,high,True,648.09,4,100,100,65.8,8,0,2,13,0,True,25.0,60.0,80.0,50.0,80.0,100.0
C0383,A020,Andrew Hernandez,high,True,637.39,4,100,100,36.7,8,0,3,9,0,True,50.0,80.0,0.0,25.0,40.0,25.0
C0384,A020,Andrew Hernandez,high,True,438.27,4,100,100,65.8,8,0,2,13,0,True,25.0,60.0,80.0,50.0,80.0,100.0
C0385,A020,Andrew Hernandez,high,True,479.64,5,100,100,36.7,8,0,3,9,0,True,50.0,80.0,0.0,25.0,40.0,25.0
C0386,A020,Andrew Hernandez,high,False,0.0,5,100,100,65.8,8,0,2,13,0,True,25.0,60.0,80.0,50.0,80.0,100.0
C0387,A020,Andrew Hernandez,high,True,356.9,4,100,100,36.7,8,0,3,9,0,True,50.0,80.0,0.0,25.0,40.0,25.0
C0388,A020,Andrew Hernandez,high,True,409.21,5,100,100,65.8,8,0,2,13,0,True,25.0,60.0,80.0,50.0,80.0,100.0
C0389,A020,Andrew Hernandez,high,False,0.0,5,100,100,65.8,8,0,2,13,0,True,25.0,60.0,80.0,50.0,80.0,100.0
C0390,A020,Andrew Hernandez,high,True,706.44,4,100,100,65.8,8,0,2,13,0,True,25.0,60.0,80.0,50.0,80.0,100.0
C0391,A020,Andrew Hernandez,high,True,575.24,5,100,100,36.7,8,0,3,9,0,True,50.0,80.0,0.0,25.0,40.0,25.0
C0392,A020,Andrew Hernandez,high,True,650.36,4,100,100,36.7,8,0,3,9,0,True,50.0,80.0,0.0,25.0,40.0,25.0
C0393,A020,Andrew Hernandez,high,True,554.67,5,100,100,65.8,8,0,2,13,0,True,25.0,60.0,80.0,50.0,80.0,100.0
C0394,A020,Andrew Hernandez,high,True,376.93,4,100,100,36.7,8,0,3,9,0,True,50.0,80.0,0.0,25.0,40.0,25.0
C0395,A020,Andrew Hernandez,high,True,738.06,5,100,100,36.7,8,0,3,9,0,True,50.0,80.0,0.0,25.0,40.0,25.0
C0396,A020,Andrew Hernandez,high,True,504.78,4,100,100,65.8,8,0,2,13,0,True,25.0,60.0,80.0,50.0,80.0,100.0
C0397,A020,Andrew Hernandez,high,True,436.41,4,100,100,65.8,8,0,2,13,0,True,25.0,60.0,80.0,50.0,80.0,100.0
C0398,A020,Andrew Hernandez,high,True,618.05,5,100,100,36.7,8,0,3,9,0,True,50.0,80.0,0.0,25.0,40.0,25.0
C0399,A020,Andrew Hernandez,high,True,657.74,5,100,100,65.8,8,0,2,13,0,True,25.0,60.0,80.0,50.0,80.0,100.0
C0400,A020,Andrew Hernandez,high,False,0.0,5,100,100,36.7,8,0,3,9,0,True,50.0,80.0,0.0,25.0,40.0,25.0
C0401,A021,Thomas Anderson,medium,True,277.94,4,100,100,12.5,4,0,0,3,0,False,25.0,0.0,0.0,50.0,0.0,0.0
C0402,A021,Thomas Anderson,medium,True,323.38,4,100,100,12.5,4,0,0,3,0,False,25.0,0.0,0.0,50.0,0.0,0.0
C0403,A021,Thomas Anderson,medium,False,0.0,3,100,100,12.5,4,0,0,3,0,False,25.0,0.0,0.0,50.0,0.0,0.0
C0404,A021,Thomas Anderson,medium,False,0.0,4,100,100,12.5,4,0,0,3,0,False,25.0,0.0,0.0,50.0,0.0,0.0
C0405,A021,Thomas Anderson,medium,False,0.0,3,100,100,12.5,4,0,0,3,0,False,25.0,0.0,0.0,50.0,0.0,0.0
C0406,A021,Thomas Anderson,medium,True,372.12,3,100,100,12.5,4,0,0,3,0,False,25.0,0.0,0.0,50.0,0.0,0.0
C0407,A021,Thomas Anderson,medium,True,413.69,3,100,100,12.5,4,0,0,3,0,False,25.0,0.0,0.0,50.0,0.0,0.0
C0408,A021,Thomas Anderson,medium,False,0.0,4,100,100,12.5,4,0,0,3,0,False,25.0,0.0,0.0,50.0,0.0,0.0
C0409,A021,Thomas Anderson,medium,False,0.0,4,100,100,12.5,4,0,0,3,0,False,25.0,0.0,0.0,50.0,0.0,0.0
C0410,A021,Thomas Anderson,medium,False,0.0,4,100,100,12.5,4,0,0,3,0,False,25.0,0.0,0.0,50.0,0.0,0.0
C0411,A021,Thomas Anderson,medium,True,364.68,4,100,100,12.5,4,0,0,3,0,False,25.0,0.0,0.0,50.0,0.0,0.0
C0412,A021,Thomas Anderson,medium,False,0.0,4,100,100,12.5,4,0,0,3,0,False,25.0,0.0,0.0,50.0,0.0,0.0
C0413,A021,Thomas Anderson,medium,False,0.0,4,100,100,12.5,4,0,0,3,0,False,25.0,0.0,0.0,50.0,0.0,0.0
C0414,A021,Thomas Anderson,medium,True,376.1,4,100,100,12.5,4,0,0,3,0,False,25.0,0.0,0.0,50.0,0.0,0.0
C0415,A021,Thomas Anderson,medium,True,407.67,3,100,100,12.5,4,0,0,3,0,False,25.0,0.0,0.0,50.0,0.0,0.0
C0416,A021,Thomas Anderson,medium,True,286.81,4,100,100,12.5,4,0,0,3,0,False,25.0,0.0,0.0,50.0,0.0,0.0
C0417,A021,Thomas Anderson,medium,False,0.0,4,100,100,12.5,4,0,0,3,0,False,25.0,0.0,0.0,50.0,0.0,0.0
C0418,A021,Thomas Anderson,medium,True,406.82,3,100,100,12.5,4,0,0,3,0,False,25.0,0.0,0.0,50.0,0.0,0.0
C0419,A021,Thomas Anderson,medium,False,0.0,3,100,100,12.5,4,0,0,3,0,False,25.0,0.0,0.0,50.0,0.0,0.0
C0420,A021,Thomas Anderson,medium,False,0.0,3,100,100,12.5,4,0,0,3,0,False,25.0,0.0,0.0,50.0,0.0,0.0
C0421,A022,Michael Davis,low,True,204.02,1,100,100,18.3,4,6,0,1,4,False,25.0,40.0,20.0,0.0,0.0,25.0
C0422,A022,Michael Davis,low,False,0.0,2,100,100,18.3,4,6,0,1,4,False,25.0,40.0,20.0,0.0,0.0,25.0
C0423,A022,Michael Davis,low,False,0.0,1,100,0.0,11.7,2,2,0,0,6,False,50.0,20.0,0.0,0.0,0.0,0.0
C0424,A022,Michael Davis,low,False,0.0,1,100,100,18.3,4,6,0,1,4,False,25.0,40.0,20.0,0.0,0.0,25.0
C0425,A022,Michael Davis,low,False,0.0,2,100,0.0,11.7,2,2,0,0,6,False,50.0,20.0,0.0,0.0,0.0,0.0
C0426,A022,Michael Davis,low,False,0.0,1,100,100,18.3,4,6,0,1,4,False,25.0,40.0,20.0,0.0,0.0,25.0
C0427,A022,Michael Davis,low,False,0.0,1,100,100,18.3,4,6,0,1,4,False,25.0,40.0,20.0,0.0,0.0,25.0
C0428,A022,Michael Davis,low,False,0.0,3,100,100,18.3,4,6,0,1,4,False,25.0,40.0,20.0,0.0,0.0,25.0
C0429,A022,Michael Davis,low,False,0.0,3,100,100,18.3,4,6,0,1,4,False,25.0,40.0,20.0,0.0,0.0,25.0
C0430,A022,Michael Davis,low,True,266.35,3,100,0.0,11.7,2,2,0,0,6,False,50.0,20.0,0.0,0.0,0.0,0.0
C0431,A022,Michael Davis,low,False,0.0,2,100,100,18.3,4,6,0,1,4,False,25.0,40.0,20.0,0.0,0.0,25.0
C0432,A022,Michael Davis,low,False,0.0,2,100,0.0,11.7,2,2,0,0,6,False,50.0,20.0,0.0,0.0,0.0,0.0
C0433,A022,Michael Davis,low,False,0.0,2,100,0.0,11.7,2,2,0,0,6,False,50.0,20.0,0.0,0.0,0.0,0.0
C0434,A022,Michael Davis,low,False,0.0,3,100,100,18.3,4,6,0,1,4,False,25.0,40.0,20.0,0.0,0.0,25.0
C0435,A022,Michael Davis,low,False,0.0,1,100,100,18.3,4,6,0,1,4,False,25.0,40.0,20.0,0.0,0.0,25.0
C0436,A022,Michael Davis,low,False,0.0,2,100,0.0,11.7,2,2,0,0,6,False,50.0,20.0,0.0,0.0,0.0,0.0
C0437,A022,Michael Davis,low,False,0.0,2,100,100,18.3,4,6,0,1,4,False,25.0,40.0,20.0,0.0,0.0,25.0
C0438,A022,Michael Davis,low,False,0.0,1,100,0.0,11.7,2,2,0,0,6,False,50.0,20.0,0.0,0.0,0.0,0.0
C0439,A022,Michael Davis,low,True,299.19,2,100,100,18.3,4,6,0,1,4,False,25.0,40.0,20.0,0.0,0.0,25.0
C0440,A022,Michael Davis,low,False,0.0,2,100,100,18.3,4,6,0,1,4,False,25.0,40.0,20.0,0.0,0.0,25.0
C0441,A023,Ashley Rodriguez,high,False,0.0,4,100,100,65.8,8,0,2,13,0,True,25.0,60.0,80.0,50.0,80.0,100.0
C0442,A023,Ashley Rodriguez,high,True,378.27,4,100,100,65.8,8,0,2,13,0,True,25.0,60.0,80.0,50.0,80.0,100.0
C0443,A023,Ashley Rodriguez,high,True,447.63,4,100,100,65.8,8,0,2,13,0,True,25.0,60.0,80.0,50.0,80.0,100.0
C0444,A023,Ashley Rodriguez,high,False,0.0,5,100,100,36.7,8,0,3,9,0,True,50.0,80.0,0.0,25.0,40.0,25.0
C0445,A023,Ashley Rodriguez,high,True,575.23,5,100,100,36.7,8,0,3,9,0,True,50.0,80.0,0.0,25.0,40.0,25.0
C0446,A023,Ashley Rodriguez,high,True,396.85,4,100,100,36.7,8,0,3,9,0,True,50.0,80.0,0.0,25.0,40.0,25.0
C0447,A023,Ashley Rodriguez,high,True,509.78,5,100,100,65.8,8,0,2,13,0,True,25.0,60.0,80.0,50.0,80.0,100.0
C0448,A023,Ashley Rodriguez,high,True,524.61,5,100,100,36.7,8,0,3,9,0,True,50.0,80.0,0.0,25.0,40.0,25.0
C0449,A023,Ashley Rodriguez,high,True,654.42,5,100,100,36.7,8,0,3,9,0,True,50.0,80.0,0.0,25.0,40.0,25.0
C0450,A023,Ashley Rodriguez,high,True,461.99,5,100,100,36.7,8,0,3,9,0,True,50.0,80.0,0.0,25.0,40.0,25.0
C0451,A023,Ashley Rodriguez,high,True,638.55,5,100,100,65.8,8,0,2,13,0,True,25.0,60.0,80.0,50.0,80.0,100.0
C0452,A023,Ashley Rodriguez,high,False,0.0,5,100,100,36.7,8,0,3,9,0,True,50.0,80.0,0.0,25.0,40.0,25.0
C0453,A023,Ashley Rodriguez,high,True,337.93,5,100,100,65.8,8,0,2,13,0,True,25.0,60.0,80.0,50.0,80.0,100.0
C0454,A023,Ashley Rodriguez,high,False,0.0,4,100,100,65.8,8,0,2,13,0,True,25.0,60.0,80.0,50.0,80.0,100.0
C0455,A023,Ashley Rodriguez,high,True,567.68,4,100,100,65.8,8,0,2,13,0,True,25.0,60.0,80.0,50.0,80.0,100.0
C0456,A023,Ashley Rodriguez,high,True,601.78,5,100,100,36.7,8,0,3,9,0,True,50.0,80.0,0.0,25.0,40.0,25.0
C0457,A023,Ashley Rodriguez,high,True,373.15,5,100,100,65.8,8,0,2,13,0,True,25.0,60.0,80.0,50.0,80.0,100.0
C0458,A023,Ashley Rodriguez,high,False,0.0,4,100,100,65.8,8,0,2,13,0,True,25.0,60.0,80.0,50.0,80.0,100.0
C0459,A023,Ashley Rodriguez,high,False,0.0,5,100,100,36.7,8,0,3,9,0,True,50.0,80.0,0.0,25.0,40.0,25.0
C0460,A023,Ashley Rodriguez,high,True,656.23,5,100,100,36.7,8,0,3,9,0,True,50.0,80.0,0.0,25.0,40.0,25.0
C0461,A024,Thomas Lopez,low,False,0.0,3,100,0.0,11.7,2,2,0,0,6,False,50.0,20.0,0.0,0.0,0.0,0.0
C0462,A024,Thomas Lopez,low,False,0.0,3,100,100,18.3,4,6,0,1,4,False,25.0,40.0,20.0,0.0,0.0,25.0
C0463,A024,Thomas Lopez,low,False,0.0,3,100,100,18.3,4,6,0,1,4,False,25.0,40.0,20.0,0.0,0.0,25.0
C0464,A024,Thomas Lopez,low,False,0.0,2,100,0.0,11.7,2,2,0,0,6,False,50.0,20.0,0.0,0.0,0.0,0.0
C0465,A024,Thomas Lopez,low,True,191.19,1,100,100,18.3,4,6,0,1,4,False,25.0,40.0,20.0,0.0,0.0,25.0
C0466,A024,Thomas Lopez,low,False,0.0,1,100,0.0,11.7,2,2,0,0,6,False,50.0,20.0,0.0,0.0,0.0,0.0
C0467,A024,Thomas Lopez,low,False,0.0,3,100,100,18.3,4,6,0,1,4,False,25.0,40.0,20.0,0.0,0.0,25.0
C0468,A024,Thomas Lopez,low,False,0.0,1,100,0.0,11.7,2,2,0,0,6,False,50.0,20.0,0.0,0.0,0.0,0.0
C0469,A024,Thomas Lopez,low,False,0.0,1,100,100,18.3,4,6,0,1,4,False,25.0,40.0,20.0,0.0,0.0,25.0
C0470,A024,Thomas Lopez,low,False,0.0,1,100,0.0,11.7,2,2,0,0,6,False,50.0,20.0,0.0,0.0,0.0,0.0
C0471,A024,Thomas Lopez,low,False,0.0,2,100,100,18.3,4,6,0,1,4,False,25.0,40.0,20.0,0.0,0.0,25.0
C0472,A024,Thomas Lopez,low,False,0.0,2,100,100,18.3,4,6,0,1,4,False,25.0,40.0,20.0,0.0,0.0,25.0
C0473,A024,Thomas Lopez,low,True,217.05,2,100,0.0,11.7,2,2,0,0,6,False,50.0,20.0,0.0,0.0,0.0,0.0
C0474,A024,Thomas Lopez,low,False,0.0,3,100,0.0,11.7,2,2,0,0,6,False,50.0,20.0,0.0,0.0,0.0,0.0
C0475,A024,Thomas Lopez,low,False,0.0,2,100,100,18.3,4,6,0,1,4,False,25.0,40.0,20.0,0.0,0.0,25.0
C0476,A024,Thomas Lopez,low,False,0.0,1,100,100,18.3,4,6,0,1,4,False,25.0,40.0,20.0,0.0,0.0,25.0
C0477,A024,Thomas Lopez,low,False,0.0,1,100,100,18.3,4,6,0,1,4,False,25.0,40.0,20.0,0.0,0.0,25.0
C0478,A024,Thomas Lopez,low,False,0.0,3,100,100,18.3,4,6,0,1,4,False,25.0,40.0,20.0,0.0,0.0,25.0
C0479,A024,Thomas Lopez,low,False,0.0,1,100,0.0,11.7,2,2,0,0,6,False,50.0,20.0,0.0,0.0,0.0,0.0
C0480,A024,Thomas Lopez,low,False,0.0,1,100,0.0,11.7,2,2,0,0,6,False,50.0,20.0,0.0,0.0,0.0,0.0
C0481,A025,Daniel Thomas,medium,True,320.38,3,100,100,12.5,4,0,0,3,0,False,25.0,0.0,0.0,50.0,0.0,0.0
C0482,A025,Daniel Thomas,medium,False,0.0,3,100,100,12.5,4,0,0,3,0,False,25.0,0.0,0.0,50.0,0.0,0.0
C0483,A025,Daniel Thomas,medium,True,328.62,4,100,100,12.5,4,0,0,3,0,False,25.0,0.0,0.0,50.0,0.0,0.0
C0484,A025,Daniel Thomas,medium,False,0.0,3,100,100,12.5,4,0,0,3,0,False,25.0,0.0,0.0,50.0,0.0,0.0
C0485,A025,Daniel Thomas,medium,True,411.21,4,100,100,12.5,4,0,0,3,0,False,25.0,0.0,0.0,50.0,0.0,0.0
C0486,A025,Daniel Thomas,medium,True,409.57,4,100,100,12.5,4,0,0,3,0,False,25.0,0.0,0.0,50.0,0.0,0.0
C0487,A025,Daniel Thomas,medium,True,366.9,4,100,100,12.5,4,0,0,3,0,False,25.0,0.0,0.0,50.0,0.0,0.0
C0488,A025,Daniel Thomas,medium,False,0.0,4,100,100,12.5,4,0,0,3,0,False,25.0,0.0,0.0,50.0,0.0,0.0
C0489,A025,Daniel Thomas,medium,False,0.0,4,100,100,12.5,4,0,0,3,0,False,25.0,0.0,0.0,50.0,0.0,0.0
C0490,A025,Daniel Thomas,medium,True,435.91,3,100,100,12.5,4,0,0,3,0,False,25.0,0.0,0.0,50.0,0.0,0.0
C0491,A025,Daniel Thomas,medium,True,407.26,4,100,100,12.5,4,0,0,3,0,False,25.0,0.0,0.0,50.0,0.0,0.0
C0492,A025,Daniel Thomas,medium,True,362.73,3,100,100,12.5,4,0,0,3,0,False,25.0,0.0,0.0,50.0,0.0,0.0
C0493,A025,Daniel Thomas,medium,False,0.0,3,100,100,12.5,4,0,0,3,0,False,25.0,0.0,0.0,50.0,0.0,0.0
C0494,A025,Daniel Thomas,medium,True,343.52,3,100,100,12.5,4,0,0,3,0,False,25.0,0.0,0.0,50.0,0.0,0.0
C0495,A025,Daniel Thomas,medium,False,0.0,4,100,100,12.5,4,0,0,3,0,False,25.0,0.0,0.0,50.0,0.0,0.0
C0496,A025,Daniel Thomas,medium,True,389.19,3,100,100,12.5,4,0,0,3,0,False,25.0,0.0,0.0,50.0,0.0,0.0
C0497,A025,Daniel Thomas,medium,False,0.0,4,100,100,12.5,4,0,0,3,0,False,25.0,0.0,0.0,50.0,0.0,0.0
C0498,A025,Daniel Thomas,medium,False,0.0,3,100,100,12.5,4,0,0,3,0,False,25.0,0.0,0.0,50.0,0.0,0.0
C0499,A025,Daniel Thomas,medium,False,0.0,4,100,100,12.5,4,0,0,3,0,False,25.0,0.0,0.0,50.0,0.0,0.0
C0500,A025,Daniel Thomas,medium,False,0.0,4,100,100,12.5,4,0,0,3,0,False,25.0,0.0,0.0,50.0,0.0,0.0
C0501,A026,Dorothy Brown,medium,False,0.0,3,100,100,12.5,4,0,0,3,0,False,25.0,0.0,0.0,50.0,0.0,0.0
C0502,A026,Dorothy Brown,medium,True,384.08,4,100,100,12.5,4,0,0,3,0,False,25.0,0.0,0.0,50.0,0.0,0.0
C0503,A026,Dorothy Brown,medium,True,371.35,3,100,100,12.5,4,0,0,3,0,False,25.0,0.0,0.0,50.0,0.0,0.0
C0504,A026,Dorothy Brown,medium,True,397.51,4,100,100,12.5,4,0,0,3,0,False,25.0,0.0,0.0,50.0,0.0,0.0
C0505,A026,Dorothy Brown,medium,False,0.0,3,100,100,12.5,4,0,0,3,0,False,25.0,0.0,0.0,50.0,0.0,0.0
C0506,A026,Dorothy Brown,medium,True,421.04,3,100,100,12.5,4,0,0,3,0,False,25.0,0.0,0.0,50.0,0.0,0.0
C0507,A026,Dorothy Brown,medium,True,309.78,4,100,100,12.5,4,0,0,3,0,False,25.0,0.0,0.0,50.0,0.0,0.0
C0508,A026,Dorothy Brown,medium,True,375.5,4,100,100,12.5,4,0,0,3,0,False,25.0,0.0,0.0,50.0,0.0,0.0
C0509,A026,Dorothy Brown,medium,False,0.0,3,100,100,12.5,4,0,0,3,0,False,25.0,0.0,0.0,50.0,0.0,0.0
C0510,A026,Dorothy Brown,medium,False,0.0,4,100,100,12.5,4,0,0,3,0,False,25.0,0.0,0.0,50.0,0.0,0.0
C0511,A026,Dorothy Brown,medium,False,0.0,3,100,100,12.5,4,0,0,3,0,False,25.0,0.0,0.0,50.0,0.0,0.0
C0512,A026,Dorothy Brown,medium,False,0.0,4,100,100,12.5,4,0,0,3,0,False,25.0,0.0,0.0,50.0,0.0,0.0
C0513,A026,Dorothy Brown,medium,True,329.95,3,100,100,12.5,4,0,0,3,0,False,25.0,0.0,0.0,50.0,0.0,0.0
C0514,A026,Dorothy Brown,medium,True,430.5,4,100,100,12.5,4,0,0,3,0,False,25.0,0.0,0.0,50.0,0.0,0.0
C0515,A026,Dorothy Brown,medium,False,0.0,4,100,100,12.5,4,0,0,3,0,False,25.0,0.0,0.0,50.0,0.0,0.0
C0516,A026,Dorothy Brown,medium,False,0.0,4,100,100,12.5,4,0,0,3,0,False,25.0,0.0,0.0,50.0,0.0,0.0
C0517,A026,Dorothy Brown,medium,True,332.44,4,100,100,12.5,4,0,0,3,0,False,25.0,0.0,0.0,50.0,0.0,0.0
C0518,A026,Dorothy Brown,medium,False,0.0,3,100,100,12.5,4,0,0,3,0,False,25.0,0.0,0.0,50.0,0.0,0.0
C0519,A026,Dorothy Brown,medium,True,399.68,4,100,100,12.5,4,0,0,3,0,False,25.0,0.0,0.0,50.0,0.0,0.0
C0520,A026,Dorothy Brown,medium,False,0.0,4,100,100,12.5,4,0,0,3,0,False,25.0,0.0,0.0,50.0,0.0,0.0
C0521,A027,Stephanie Wilson,medium,False,0.0,4,100,100,12.5,4,0,0,3,0,False,25.0,0.0,0.0,50.0,0.0,0.0
C0522,A027,Stephanie Wilson,medium,False,0.0,4,100,100,12.5,4,0,0,3,0,False,25.0,0.0,0.0,50.0,0.0,0.0
C0523,A027,Stephanie Wilson,medium,False,0.0,3,100,100,12.5,4,0,0,3,0,False,25.0,0.0,0.0,50.0,0.0,0.0
C0524,A027,Stephanie Wilson,medium,False,0.0,4,100,100,12.5,4,0,0,3,0,False,25.0,0.0,0.0,50.0,0.0,0.0
C0525,A027,Stephanie Wilson,medium,False,0.0,3,100,100,12.5,4,0,0,3,0,False,25.0,0.0,0.0,50.0,0.0,0.0
C0526,A027,Stephanie Wilson,medium,True,454.11,4,100,100,12.5,4,0,0,3,0,False,25.0,0.0,0.0,50.0,0.0,0.0
C0527,A027,Stephanie Wilson,medium,True,323.18,3,100,100,12.5,4,0,0,3,0,False,25.0,0.0,0.0,50.0,0.0,0.0
C0528,A027,Stephanie Wilson,medium,True,315.21,4,100,100,12.5,4,0,0,3,0,False,25.0,0.0,0.0,50.0,0.0,0.0
C0529,A027,Stephanie Wilson,medium,True,311.9,3,100,100,12.5,4,0,0,3,0,False,25.0,0.0,0.0,50.0,0.0,0.0
C0530,A027,Stephanie Wilson,medium,False,0.0,4,100,100,12.5,4,0,0,3,0,False,25.0,0.0,0.0,50.0,0.0,0.0
C0531,A027,Stephanie Wilson,medium,True,378.4,4,100,100,12.5,4,0,0,3,0,False,25.0,0.0,0.0,50.0,0.0,0.0
C0532,A027,Stephanie Wilson,medium,True,475.97,4,100,100,12.5,4,0,0,3,0,False,25.0,0.0,0.0,50.0,0.0,0.0
C0533,A027,Stephanie Wilson,medium,False,0.0,4,100,100,12.5,4,0,0,3,0,False,25.0,0.0,0.0,50.0,0.0,0.0
C0534,A027,Stephanie Wilson,medium,False,0.0,3,100,100,12.5,4,0,0,3,0,False,25.0,0.0,0.0,50.0,0.0,0.0
C0535,A027,Stephanie Wilson,medium,True,298.7,4,100,100,12.5,4,0,0,3,0,False,25.0,0.0,0.0,50.0,0.0,0.0
C0536,A027,Stephanie Wilson,medium,False,0.0,3,100,100,12.5,4,0,0,3,0,False,25.0,0.0,0.0,50.0,0.0,0.0
C0537,A027,Stephanie Wilson,medium,False,0.0,4,100,100,12.5,4,0,0,3,0,False,25.0,0.0,0.0,50.0,0.0,0.0
C0538,A027,Stephanie Wilson,medium,True,367.64,3,100,100,12.5,4,0,0,3,0,False,25.0,0.0,0.0,50.0,0.0,0.0
C0539,A027,Stephanie Wilson,medium,True,391.98,4,100,100,12.5,4,0,0,3,0,False,25.0,0.0,0.0,50.0,0.0,0.0
C0540,A027,Stephanie Wilson,medium,False,0.0,4,100,100,12.5,4,0,0,3,0,False,25.0,0.0,0.0,50.0,0.0,0.0
C0541,A028,Thomas Gonzalez,high,False,0.0,4,100,100,65.8,8,0,2,13,0,True,25.0,60.0,80.0,50.0,80.0,100.0
C0542,A028,Thomas Gonzalez,high,True,499.26,5,100,100,65.8,8,0,2,13,0,True,25.0,60.0,80.0,50.0,80.0,100.0
C0543,A028,Thomas Gonzalez,high,True,647.97,4,100,100,65.8,8,0,2,13,0,True,25.0,60.0,80.0,50.0,80.0,100.0
C0544,A028,Thomas Gonzalez,high,False,0.0,5,100,100,65.8,8,0,2,13,0,True,25.0,60.0,80.0,50.0,80.0,100.0
C0545,A028,Thomas Gonzalez,high,True,386.75,5,100,100,65.8,8,0,2,13,0,True,25.0,60.0,80.0,50.0,80.0,100.0
C0546,A028,Thomas Gonzalez,high,True,360.5,5,100,100,65.8,8,0,2,13,0,True,25.0,60.0,80.0,50.0,80.0,100.0
C0547,A028,Thomas Gonzalez,high,False,0.0,5,100,100,36.7,8,0,3,9,0,True,50.0,80.0,0.0,25.0,40.0,25.0
C0548,A028,Thomas Gonzalez,high,False,0.0,4,100,100,36.7,8,0,3,9,0,True,50.0,80.0,0.0,25.0,40.0,25.0
C0549,A028,Thomas Gonzalez,high,True,554.19,5,100,100,36.7,8,0,3,9,0,True,50.0,80.0,0.0,25.0,40.0,25.0
C0550,A028,Thomas Gonzalez,high,True,620.1,4,100,100,36.7,8,0,3,9,0,True,50.0,80.0,0.0,25.0,40.0,25.0
C0551,A028,Thomas Gonzalez,high,True,521.04,4,100,100,36.7,8,0,3,9,0,True,50.0,80.0,0.0,25.0,40.0,25.0
C0552,A028,Thomas Gonzalez,high,True,396.18,4,100,100,36.7,8,0,3,9,0,True,50.0,80.0,0.0,25.0,40.0,25.0
C0553,A028,Thomas Gonzalez,high,True,597.54,4,100,100,65.8,8,0,2,13,0,True,25.0,60.0,80.0,50.0,80.0,100.0
C0554,A028,Thomas Gonzalez,high,True,600.02,5,100,100,65.8,8,0,2,13,0,True,25.0,60.0,80.0,50.0,80.0,100.0
C0555,A028,Thomas Gonzalez,high,True,478.47,4,100,100,36.7,8,0,3,9,0,True,50.0,80.0,0.0,25.0,40.0,25.0
C0556,A028,Thomas Gonzalez,high,False,0.0,5,100,100,36.7,8,0,3,9,0,True,50.0,80.0,0.0,25.0,40.0,25.0
C0557,A028,Thomas Gonzalez,high,False,0.0,5,100,100,36.7,8,0,3,9,0,True,50.0,80.0,0.0,25.0,40.0,25.0
C0558,A028,Thomas Gonzalez,high,True,484.98,4,100,100,36.7,8,0,3,9,0,True,50.0,80.0,0.0,25.0,40.0,25.0
C0559,A028,Thomas Gonzalez,high,True,375.67,5,100,100,36.7,8,0,3,9,0,True,50.0,80.0,0.0,25.0,40.0,25.0
C0560,A028,Thomas Gonzalez,high,True,399.06,4,100,100,65.8,8,0,2,13,0,True,25.0,60.0,80.0,50.0,80.0,100.0
C0561,A029,William Moore,high,True,727.09,4,100,100,65.8,8,0,2,13,0,True,25.0,60.0,80.0,50.0,80.0,100.0
C0562,A029,William Moore,high,True,663.12,5,100,100,36.7,8,0,3,9,0,True,50.0,80.0,0.0,25.0,40.0,25.0
C0563,A029,William Moore,high,False,0.0,5,100,100,65.8,8,0,2,13,0,True,25.0,60.0,80.0,50.0,80.0,100.0
C0564,A029,William Moore,high,True,550.28,4,100,100,65.8,8,0,2,13,0,True,25.0,60.0,80.0,50.0,80.0,100.0
C0565,A029,William Moore,high,False,0.0,4,100,100,36.7,8,0,3,9,0,True,50.0,80.0,0.0,25.0,40.0,25.0
C0566,A029,William Moore,high,True,419.24,5,100,100,36.7,8,0,3,9,0,True,50.0,80.0,0.0,25.0,40.0,25.0
C0567,A029,William Moore,high,False,0.0,4,100,100,36.7,8,0,3,9,0,True,50.0,80.0,0.0,25.0,40.0,25.0
C0568,A029,William Moore,high,False,0.0,4,100,100,36.7,8,0,3,9,0,True,50.0,80.0,0.0,25.0,40.0,25.0
C0569,A029,William Moore,high,True,503.44,4,100,100,36.7,8,0,3,9,0,True,50.0,80.0,0.0,25.0,40.0,25.0
C0570,A029,William Moore,high,False,0.0,4,100,100,36.7,8,0,3,9,0,True,50.0,80.0,0.0,25.0,40.0,25.0
C0571,A029,William Moore,high,True,705.65,4,100,100,36.7,8,0,3,9,0,True,50.0,80.0,0.0,25.0,40.0,25.0
C0572,A029,William Moore,high,True,604.34,4,100,100,65.8,8,0,2,13,0,True,25.0,60.0,80.0,50.0,80.0,100.0
C0573,A029,William Moore,high,True,633.16,4,100,100,65.8,8,0,2,13,0,True,25.0,60.0,80.0,50.0,80.0,100.0
C0574,A029,William Moore,high,False,0.0,4,100,100,65.8,8,0,2,13,0,True,25.0,60.0,80.0,50.0,80.0,100.0
C0575,A029,William Moore,high,False,0.0,5,100,100,36.7,8,0,3,9,0,True,50.0,80.0,0.0,25.0,40.0,25.0
C0576,A029,William Moore,high,True,333.99,5,100,100,65.8,8,0,2,13,0,True,25.0,60.0,80.0,50.0,80.0,100.0
C0577,A029,William Moore,high,True,620.06,5,100,100,65.8,8,0,2,13,0,True,25.0,60.0,80.0,50.0,80.0,100.0
C0578,A029,William Moore,high,True,571.52,5,100,100,65.8,8,0,2,13,0,True,25.0,60.0,80.0,50.0,80.0,100.0
C0579,A029,William Moore,high,True,615.6,4,100,100,36.7,8,0,3,9,0,True,50.0,80.0,0.0,25.0,40.0,25.0
C0580,A029,William Moore,high,True,435.09,4,100,100,36.7,8,0,3,9,0,True,50.0,80.0,0.0,25.0,40.0,25.0
C0581,A030,Amanda Moore,medium,False,0.0,4,100,100,12.5,4,0,0,3,0,False,25.0,0.0,0.0,50.0,0.0,0.0
C0582,A030,Amanda Moore,medium,True,375.49,4,100,100,12.5,4,0,0,3,0,False,25.0,0.0,0.0,50.0,0.0,0.0
C0583,A030,Amanda Moore,medium,False,0.0,4,100,100,12.5,4,0,0,3,0,False,25.0,0.0,0.0,50.0,0.0,0.0
C0584,A030,Amanda Moore,medium,False,0.0,3,100,100,12.5,4,0,0,3,0,False,25.0,0.0,0.0,50.0,0.0,0.0
C0585,A030,Amanda Moore,medium,True,361.85,3,100,100,12.5,4,0,0,3,0,False,25.0,0.0,0.0,50.0,0.0,0.0
C0586,A030,Amanda Moore,medium,True,326.46,3,100,100,12.5,4,0,0,3,0,False,25.0,0.0,0.0,50.0,0.0,0.0
C0587,A030,Amanda Moore,medium,True,295.59,3,100,100,12.5,4,0,0,3,0,False,25.0,0.0,0.0,50.0,0.0,0.0
C0588,A030,Amanda Moore,medium,True,441.71,3,100,100,12.5,4,0,0,3,0,False,25.0,0.0,0.0,50.0,0.0,0.0
C0589,A030,Amanda Moore,medium,True,393.26,4,100,100,12.5,4,0,0,3,0,False,25.0,0.0,0.0,50.0,0.0,0.0
C0590,A030,Amanda Moore,medium,False,0.0,3,100,100,12.5,4,0,0,3,0,False,25.0,0.0,0.0,50.0,0.0,0.0
C0591,A030,Amanda Moore,medium,True,390.53,3,100,100,12.5,4,0,0,3,0,False,25.0,0.0,0.0,50.0,0.0,0.0
C0592,A030,Amanda Moore,medium,True,409.84,4,100,100,12.5,4,0,0,3,0,False,25.0,0.0,0.0,50.0,0.0,0.0
C0593,A030,Amanda Moore,medium,False,0.0,3,100,100,12.5,4,0,0,3,0,False,25.0,0.0,0.0,50.0,0.0,0.0
C0594,A030,Amanda Moore,medium,True,305.99,4,100,100,12.5,4,0,0,3,0,False,25.0,0.0,0.0,50.0,0.0,0.0
C0595,A030,Amanda Moore,medium,False,0.0,4,100,100,12.5,4,0,0,3,0,False,25.0,0.0,0.0,50.0,0.0,0.0
C0596,A030,Amanda Moore,medium,True,342.95,4,100,100,12.5,4,0,0,3,0,False,25.0,0.0,0.0,50.0,0.0,0.0
C0597,A030,Amanda Moore,medium,False,0.0,3,100,100,12.5,4,0,0,3,0,False,25.0,0.0,0.0,50.0,0.0,0.0
C0598,A030,Amanda Moore,medium,True,422.79,3,100,100,12.5,4,0,0,3,0,False,25.0,0.0,0.0,50.0,0.0,0.0
C0599,A030,Amanda Moore,medium,False,0.0,4,100,100,12.5,4,0,0,3,0,False,25.0,0.0,0.0,50.0,0.0,0.0
C0600,A030,Amanda Moore,medium,True,466.52,4,100,100,12.5,4,0,0,3,0,False,25.0,0.0,0.0,50.0,0.0,0.0
